RecordTimeStamp,CurrentSystemTick,JobsId,WorkerId,ArrivalTime,AssignTime,Reason
1644423605,3,job0_scenario2_3,B14,3,3,Zt_prime=0,
1644423605,5,job1_scenario4_5,B11,5,5,Zt_prime=0,
1644423605,13,job4_scenario0_13,in27,13,13,Zt_prime=0,
1644423605,16,job6_scenario0_16,B11,16,16,worker_is_unavailable,
1644423605,23,job9_scenario2_23,B14,23,23,worker_is_unavailable,
1644423605,24,job10_scenario2_24,B14,24,24,worker_is_unavailable,
1644423605,26,job11_scenario3_26,B11,26,26,worker_is_unavailable,
1644423605,28,job13_scenario4_28,B11,28,28,worker_is_unavailable,
1644423605,38,job16_scenario1_38,B54,38,38,worker_is_unavailable,
1644423605,39,job17_scenario1_39,B54,39,39,worker_is_unavailable,
1644423606,50,job20_scenario1_50,B54,50,50,worker_is_unavailable,
1644423606,52,job18_scenario1_47,cn12,47,52,worker_is_unavailable,
1644423606,57,job23_scenario0_56,B14,56,57,worker_is_unavailable,
1644423606,57,job24_scenario1_57,B54,57,57,Zt_prime=0,
1644423606,63,job27_scenario3_61,B11,61,63,worker_is_unavailable,
1644423606,64,job28_scenario2_64,B14,64,64,worker_is_unavailable,
1644423606,72,job31_scenario2_71,B14,71,72,worker_is_unavailable,
1644423606,74,job32_scenario4_74,B11,74,74,worker_is_unavailable,
1644423606,77,job33_scenario2_77,B14,77,77,worker_is_unavailable,
1644423606,77,job25_scenario4_58,B11,58,77,worker_is_unavailable,
1644423606,79,job34_scenario3_79,B11,79,79,worker_is_unavailable,
1644423606,80,job35_scenario0_80,B14,80,80,worker_is_unavailable,
1644423606,83,job37_scenario0_82,B14,82,83,worker_is_unavailable,
1644423606,84,job38_scenario2_83,B14,83,84,worker_is_unavailable,
1644423607,94,job43_scenario0_94,in27,94,94,worker_is_unavailable,
1644423607,107,job51_scenario1_106,B54,106,107,worker_is_unavailable,
1644423607,108,job52_scenario1_107,B54,107,108,worker_is_unavailable,
1644423607,109,job54_scenario3_109,B11,109,109,worker_is_unavailable,
1644423607,110,job47_scenario0_98,in27,98,110,worker_is_unavailable,
1644423607,114,job55_scenario2_111,B14,111,114,worker_is_unavailable,
1644423607,114,job56_scenario1_113,B54,113,114,worker_is_unavailable,
1644423607,118,job58_scenario3_116,B11,116,118,worker_is_unavailable,
1644423607,122,job61_scenario4_122,B11,122,122,worker_is_unavailable,
1644423607,123,job62_scenario3_123,B11,123,123,worker_is_unavailable,
1644423607,129,job60_scenario2_120,B14,120,129,worker_is_unavailable,
1644423607,133,job63_scenario4_124,B11,124,133,worker_is_unavailable,
1644423607,136,job64_scenario3_127,B11,127,136,worker_is_unavailable,
1644423608,145,job69_scenario2_144,B14,144,145,other_job_from_Ati_was_chosen,
1644423608,147,job65_scenario4_130,B11,130,147,worker_is_unavailable,
1644423608,151,job72_scenario2_151,B14,151,151,worker_is_unavailable,
1644423608,161,job73_scenario4_153,B11,153,161,worker_is_unavailable,
1644423608,170,job71_scenario1_150,B54,150,170,worker_is_unavailable,
1644423608,175,job80_scenario2_169,B14,169,175,Zt_prime=0,
1644423608,177,job76_scenario2_158,B14,158,177,Zt_prime=0,
1644423609,189,job89_scenario0_185,in27,185,189,worker_is_unavailable,
1644423609,190,job87_scenario1_182,B54,182,190,worker_is_unavailable,
1644423609,198,job85_scenario4_178,B11,178,198,Zt_prime=0,
1644423609,199,job86_scenario0_179,B54,179,199,worker_is_unavailable,
1644423609,209,job96_scenario4_198,B11,198,209,worker_is_unavailable,
1644423609,210,job91_scenario4_192,B11,192,210,worker_is_unavailable,
1644423609,210,job100_scenario3_203,B11,203,210,worker_is_unavailable,
1644423610,224,job101_scenario1_204,B54,204,224,worker_is_unavailable,
1644423610,228,job111_scenario4_225,B11,225,228,other_job_from_Ati_was_chosen,
1644423610,230,job114_scenario1_229,B54,229,230,Zt_prime=0,
1644423610,236,job107_scenario1_217,B54,217,236,worker_is_unavailable,
1644423610,242,job120_scenario2_241,B14,241,242,worker_is_unavailable,
1644423610,243,job115_scenario0_230,B11,230,243,worker_is_unavailable,
1644423610,247,job112_scenario1_227,B54,227,247,worker_is_unavailable,
1644423610,248,job113_scenario2_228,B14,228,248,worker_is_unavailable,
1644423611,255,job126_scenario2_255,B14,255,255,worker_is_unavailable,
1644423611,260,job119_scenario2_240,B14,240,260,worker_is_unavailable,
1644423611,272,job124_scenario1_252,B54,252,272,worker_is_unavailable,
1644423611,273,job125_scenario1_253,B54,253,273,worker_is_unavailable,
1644423611,279,job135_scenario1_278,B54,278,279,worker_is_unavailable,
1644423612,292,job141_scenario2_292,B14,292,292,other_job_from_Ati_was_chosen,
1644423612,293,job133_scenario2_275,B14,275,293,worker_is_unavailable,
1644423612,293,job132_scenario4_273,B11,273,293,worker_is_unavailable,
1644423612,294,job134_scenario2_277,B14,277,294,worker_is_unavailable,
1644423612,298,job143_scenario2_294,B14,294,298,worker_is_unavailable,
1644423612,303,job147_scenario0_298,B14,298,303,worker_is_unavailable,
1644423612,307,job139_scenario0_288,in27,288,307,worker_is_unavailable,
1644423612,315,job144_scenario1_295,B54,295,315,worker_is_unavailable,
1644423612,316,job145_scenario1_296,B54,296,316,worker_is_unavailable,
1644423612,318,job148_scenario1_299,B54,299,318,worker_is_unavailable,
1644423613,320,job150_scenario0_304,B11,304,320,Zt_prime=0,
1644423613,322,job151_scenario3_306,B11,306,322,Zt_prime=0,
1644423613,327,job152_scenario1_307,B54,307,327,worker_is_unavailable,
1644423613,329,job160_scenario1_323,B54,323,329,worker_is_unavailable,
1644423613,334,job155_scenario1_315,B54,315,334,worker_is_unavailable,
1644423613,337,job157_scenario0_317,in27,317,337,worker_is_unavailable,
1644423613,340,job170_scenario2_340,B14,340,340,worker_is_unavailable,
1644423614,353,job167_scenario3_334,B11,334,353,worker_is_unavailable,
1644423614,359,job181_scenario2_358,B14,358,359,Zt_prime=0,
1644423614,363,job172_scenario3_347,B11,347,363,worker_is_unavailable,
1644423614,365,job184_scenario4_361,B11,361,365,worker_is_unavailable,
1644423614,367,job177_scenario3_353,B11,353,367,worker_is_unavailable,
1644423614,369,job173_scenario0_349,B54,349,369,worker_is_unavailable,
1644423614,375,job179_scenario0_356,B14,356,375,worker_is_unavailable,
1644423615,376,job191_scenario4_371,B11,371,376,other_job_from_Ati_was_chosen,
1644423615,385,job189_scenario0_368,cn12,368,385,worker_is_unavailable,
1644423615,387,job197_scenario3_386,B11,386,387,worker_is_unavailable,
1644423615,397,job192_scenario1_377,B54,377,397,worker_is_unavailable,
1644423615,398,job194_scenario0_380,B11,380,398,Zt_prime=0,
1644423616,405,job196_scenario2_385,B14,385,405,worker_is_unavailable,
1644423616,407,job199_scenario1_388,B54,388,407,worker_is_unavailable,
1644423616,409,job208_scenario2_407,B14,407,409,worker_is_unavailable,
1644423616,409,job200_scenario1_390,B54,390,409,Zt_prime=0,
1644423616,415,job212_scenario3_415,B11,415,415,worker_is_unavailable,
1644423616,416,job211_scenario2_414,B14,414,416,worker_is_unavailable,
1644423616,421,job206_scenario1_402,B54,402,421,worker_is_unavailable,
1644423616,426,job207_scenario0_406,B54,406,426,worker_is_unavailable,
1644423616,427,job209_scenario1_408,B54,408,427,worker_is_unavailable,
1644423617,429,job210_scenario1_410,B54,410,429,Zt_prime=0,
1644423617,434,job218_scenario2_426,B14,426,434,worker_is_unavailable,
1644423617,437,job221_scenario0_431,B14,431,437,worker_is_unavailable,
1644423617,442,job216_scenario1_423,B54,423,442,worker_is_unavailable,
1644423617,445,job219_scenario1_429,B54,429,445,worker_is_unavailable,
1644423617,449,job223_scenario2_434,B14,434,449,Zt_prime=0,
1644423618,454,job224_scenario1_435,B54,435,454,Zt_prime=0,
1644423618,458,job230_scenario4_458,B11,458,458,Zt_prime=0,
1644423618,469,job232_scenario2_461,B14,461,469,worker_is_unavailable,
1644423618,476,job229_scenario0_456,B54,456,476,worker_is_unavailable,
1644423618,483,job242_scenario0_479,B14,479,483,worker_is_unavailable,
1644423618,484,job238_scenario2_471,B14,471,484,worker_is_unavailable,
1644423618,486,job235_scenario2_466,B14,466,486,worker_is_unavailable,
1644423619,489,job237_scenario2_470,B14,470,489,worker_is_unavailable,
1644423619,494,job245_scenario0_483,B14,483,494,Zt_prime=0,
1644423619,494,job239_scenario1_474,B54,474,494,Zt_prime=0,
1644423619,498,job243_scenario3_480,B11,480,498,worker_is_unavailable,
1644423619,498,job241_scenario0_478,B54,478,498,worker_is_unavailable,
1644423619,499,job247_scenario4_487,B11,487,499,worker_is_unavailable,
1644423619,502,job244_scenario1_482,B54,482,502,Zt_prime=0,
1644423619,504,job250_scenario2_490,B14,490,504,worker_is_unavailable,
1644423620,516,job254_scenario3_498,B11,498,516,worker_is_unavailable,
1644423620,527,job259_scenario1_508,B54,508,527,worker_is_unavailable,
1644423621,536,job264_scenario1_516,B54,516,536,Zt_prime=0,
1644423621,539,job265_scenario0_519,in27,519,539,worker_is_unavailable,
1644423621,539,job267_scenario0_522,B11,522,539,Zt_prime=0,
1644423621,547,job276_scenario3_536,B11,536,547,worker_is_unavailable,
1644423622,551,job272_scenario1_531,B54,531,551,worker_is_unavailable,
1644423622,554,job274_scenario0_534,in27,534,554,worker_is_unavailable,
1644423622,555,job279_scenario1_540,cn12,540,555,worker_is_unavailable,
1644423622,558,job278_scenario0_538,cn12,538,558,worker_is_unavailable,
1644423623,566,job291_scenario4_561,B11,561,566,worker_is_unavailable,
1644423623,571,job298_scenario2_571,B14,571,571,worker_is_unavailable,
1644423623,574,job287_scenario2_554,B14,554,574,Zt_prime=0,
1644423624,580,job290_scenario1_560,B54,560,580,worker_is_unavailable,
1644423624,581,job295_scenario0_566,in27,566,581,worker_is_unavailable,
1644423624,583,job300_scenario0_574,in27,574,583,worker_is_unavailable,
1644423624,593,job311_scenario2_593,B14,593,593,worker_is_unavailable,
1644423624,593,job302_scenario0_578,B11,578,593,worker_is_unavailable,
1644423624,593,job299_scenario1_573,B54,573,593,worker_is_unavailable,
1644423624,599,job303_scenario1_579,B54,579,599,Zt_prime=0,
1644423624,603,job307_scenario2_585,B14,585,603,worker_is_unavailable,
1644423625,606,job308_scenario1_586,B54,586,606,worker_is_unavailable,
1644423625,607,job312_scenario0_595,B11,595,607,worker_is_unavailable,
1644423625,616,job313_scenario1_596,B54,596,616,Zt_prime=0,
1644423626,621,job317_scenario2_602,B14,602,621,worker_is_unavailable,
1644423626,635,job322_scenario1_615,B54,615,635,worker_is_unavailable,
1644423627,641,job325_scenario2_621,B14,621,641,worker_is_unavailable,
1644423627,643,job335_scenario2_636,B14,636,643,worker_is_unavailable,
1644423627,643,job327_scenario1_623,B54,623,643,Zt_prime=0,
1644423627,647,job329_scenario1_627,B54,627,647,worker_is_unavailable,
1644423627,650,job330_scenario2_630,B14,630,650,worker_is_unavailable,
1644423627,651,job331_scenario2_631,B14,631,651,worker_is_unavailable,
1644423627,655,job338_scenario0_639,in27,639,655,worker_is_unavailable,
1644423628,665,job340_scenario2_645,B14,645,665,worker_is_unavailable,
1644423628,665,job353_scenario2_665,B14,665,665,worker_is_unavailable,
1644423628,673,job344_scenario1_653,B54,653,673,worker_is_unavailable,
1644423628,675,job346_scenario1_655,B54,655,675,worker_is_unavailable,
1644423628,678,job347_scenario1_658,cn12,658,678,worker_is_unavailable,
1644423628,680,job349_scenario2_660,B14,660,680,worker_is_unavailable,
1644423628,681,job350_scenario3_661,B11,661,681,worker_is_unavailable,
1644423628,682,job351_scenario0_663,B14,663,682,Zt_prime=0,
1644423629,686,job354_scenario1_666,B54,666,686,worker_is_unavailable,
1644423629,692,job363_scenario3_689,B11,689,692,Zt_prime=0,
1644423629,699,job358_scenario2_679,B14,679,699,worker_is_unavailable,
1644423629,700,job359_scenario3_680,B11,680,700,worker_is_unavailable,
1644423629,701,job360_scenario0_681,B14,681,701,worker_is_unavailable,
1644423630,710,job364_scenario0_690,in27,690,710,worker_is_unavailable,
1644423630,713,job366_scenario3_693,B11,693,713,worker_is_unavailable,
1644423630,715,job367_scenario2_695,B14,695,715,Zt_prime=0,
1644423630,719,job369_scenario0_699,in27,699,719,worker_is_unavailable,
1644423631,732,job374_scenario2_712,B14,712,732,worker_is_unavailable,
1644423631,733,job376_scenario3_716,B11,716,733,Zt_prime=0,
1644423631,739,job378_scenario0_719,B11,719,739,worker_is_unavailable,
1644423632,756,job383_scenario0_736,B11,736,756,worker_is_unavailable,
1644423632,763,job385_scenario2_743,B14,743,763,worker_is_unavailable,
1644423632,768,job387_scenario3_748,B11,748,768,worker_is_unavailable,
1644423632,771,job388_scenario2_751,B14,751,771,worker_is_unavailable,
1644423633,774,job391_scenario3_754,B11,754,774,worker_is_unavailable,
1644423633,775,job392_scenario4_755,B54,755,775,worker_is_unavailable,
1644423633,785,job395_scenario4_765,B54,765,785,worker_is_unavailable,
1644423634,799,job398_scenario1_779,B54,779,799,worker_is_unavailable,
1644423634,800,job399_scenario1_780,B54,780,800,worker_is_unavailable,
1644423634,803,job401_scenario1_783,B54,783,803,worker_is_unavailable,
1644423634,804,job402_scenario1_784,B54,784,804,worker_is_unavailable,
1644423634,808,job404_scenario2_788,B14,788,808,worker_is_unavailable,
1644423634,809,job405_scenario2_789,B14,789,809,worker_is_unavailable,
1644423634,812,job407_scenario3_795,B11,795,812,worker_is_unavailable,
1644423634,818,job409_scenario2_798,B14,798,818,worker_is_unavailable,
1644423634,820,job410_scenario2_800,B14,800,820,worker_is_unavailable,
1644423636,837,job419_scenario2_817,B14,817,837,worker_is_unavailable,
1644423636,840,job420_scenario0_820,B11,820,840,worker_is_unavailable,
1644423636,848,job421_scenario1_828,B54,828,848,Zt_prime=0,
1644423636,851,job422_scenario0_831,in27,831,851,worker_is_unavailable,
1644423636,855,job425_scenario3_839,B11,839,855,worker_is_unavailable,
1644423637,878,job429_scenario2_858,B14,858,878,worker_is_unavailable,
1644423637,880,job431_scenario2_860,B14,860,880,worker_is_unavailable,
1644423637,881,job432_scenario2_861,B14,861,881,worker_is_unavailable,
1644423637,883,job436_scenario2_872,B14,872,883,worker_is_unavailable,
1644423638,888,job434_scenario0_868,in27,868,888,worker_is_unavailable,
1644423638,889,job435_scenario2_869,B14,869,889,worker_is_unavailable,
1644423638,896,job438_scenario1_876,B54,876,896,worker_is_unavailable,
1644423638,898,job439_scenario1_878,B54,878,898,worker_is_unavailable,
1644423639,911,job445_scenario0_893,in27,893,911,worker_is_unavailable,
1644423639,913,job457_scenario4_912,B54,912,913,worker_is_unavailable,
1644423639,920,job449_scenario0_901,in27,901,920,worker_is_unavailable,
1644423639,923,job450_scenario2_903,B14,903,923,worker_is_unavailable,
1644423639,923,job451_scenario2_904,B14,904,923,worker_is_unavailable,
1644423639,925,job452_scenario1_905,B54,905,925,worker_is_unavailable,
1644423639,926,job453_scenario2_907,B14,907,926,worker_is_unavailable,
1644423640,929,job455_scenario1_909,B54,909,929,worker_is_unavailable,
1644423640,930,job456_scenario2_910,B14,910,930,worker_is_unavailable,
1644423640,938,job459_scenario4_918,B54,918,938,worker_is_unavailable,
1644423640,939,job460_scenario1_919,B54,919,939,worker_is_unavailable,
1644423640,942,job462_scenario2_923,B14,923,942,worker_is_unavailable,
1644423640,953,job463_scenario2_934,B14,934,953,worker_is_unavailable,
1644423640,954,job464_scenario2_935,B14,935,954,worker_is_unavailable,
1644423640,956,job465_scenario0_936,B14,936,956,worker_is_unavailable,
1644423640,960,job467_scenario1_940,B54,940,960,worker_is_unavailable,
1644423642,986,job476_scenario0_967,B14,967,986,worker_is_unavailable,
1644423643,995,job480_scenario4_975,B54,975,995,worker_is_unavailable,
1644423643,997,job481_scenario2_977,B14,977,997,worker_is_unavailable,
1644423643,1001,job489_scenario3_1001,B11,1001,1001,Zt_prime=0,
1644423644,1013,job485_scenario2_994,B14,994,1013,worker_is_unavailable,
1644423644,1015,job486_scenario0_995,B14,995,1015,worker_is_unavailable,
1644423644,1015,job491_scenario3_1005,B11,1005,1015,Zt_prime=0,
1644423644,1020,job490_scenario0_1003,B11,1003,1020,other_job_from_Ati_was_chosen,
1644423645,1033,job496_scenario2_1013,B14,1013,1033,worker_is_unavailable,
1644423645,1034,job497_scenario2_1014,B14,1014,1034,worker_is_unavailable,
1644423645,1037,job499_scenario2_1017,B14,1017,1037,worker_is_unavailable,
1644423645,1039,job500_scenario0_1019,B14,1019,1039,worker_is_unavailable,
1644423646,1040,job501_scenario3_1020,B11,1020,1040,Zt_prime=0,
1644423646,1044,job503_scenario2_1024,B14,1024,1044,worker_is_unavailable,
1644423646,1052,job507_scenario4_1032,B54,1032,1052,worker_is_unavailable,
1644423646,1054,job508_scenario1_1035,B54,1035,1054,worker_is_unavailable,
1644423647,1058,job509_scenario0_1039,B14,1039,1058,worker_is_unavailable,
1644423647,1060,job510_scenario0_1040,in27,1040,1060,worker_is_unavailable,
1644423647,1068,job515_scenario1_1049,B54,1049,1068,worker_is_unavailable,
1644423649,1091,job522_scenario2_1072,B14,1072,1091,worker_is_unavailable,
1644423649,1099,job530_scenario3_1089,B11,1089,1099,worker_is_unavailable,
1644423650,1101,job528_scenario2_1082,B14,1082,1101,worker_is_unavailable,
1644423650,1113,job532_scenario2_1093,B14,1093,1113,worker_is_unavailable,
1644423651,1116,job534_scenario2_1096,B14,1096,1116,worker_is_unavailable,
1644423651,1118,job535_scenario0_1098,B11,1098,1118,Zt_prime=0,
1644423651,1129,job540_scenario0_1109,in27,1109,1129,worker_is_unavailable,
1644423651,1130,job541_scenario0_1110,B11,1110,1130,worker_is_unavailable,
1644423651,1131,job542_scenario2_1112,B14,1112,1131,Zt_prime=0,
1644423652,1134,job544_scenario2_1114,B14,1114,1134,worker_is_unavailable,
1644423652,1140,job547_scenario0_1120,in27,1120,1140,worker_is_unavailable,
1644423652,1140,job548_scenario2_1121,B14,1121,1140,worker_is_unavailable,
1644423653,1154,job551_scenario1_1134,B54,1134,1154,worker_is_unavailable,
1644423653,1156,job552_scenario1_1136,B54,1136,1156,worker_is_unavailable,
1644423653,1157,job553_scenario1_1137,B54,1137,1157,worker_is_unavailable,
1644423653,1169,job556_scenario4_1150,B54,1150,1169,worker_is_unavailable,
1644423653,1170,job561_scenario4_1170,B54,1170,1170,worker_is_unavailable,
1644423654,1178,job559_scenario0_1158,B14,1158,1178,Zt_prime=0,
1644423654,1179,job566_scenario3_1176,B11,1176,1179,worker_is_unavailable,
1644423654,1185,job567_scenario2_1179,B14,1179,1185,Zt_prime=0,
1644423655,1189,job562_scenario3_1171,B11,1171,1189,worker_is_unavailable,
1644423655,1194,job565_scenario2_1174,B14,1174,1194,worker_is_unavailable,
1644423655,1197,job571_scenario4_1190,B54,1190,1197,worker_is_unavailable,
1644423656,1208,job569_scenario2_1188,B14,1188,1208,worker_is_unavailable,
1644423657,1221,job577_scenario1_1201,B54,1201,1221,worker_is_unavailable,
1644423657,1225,job587_scenario3_1223,B11,1223,1225,worker_is_unavailable,
1644423657,1226,job579_scenario0_1206,in27,1206,1226,worker_is_unavailable,
1644423657,1228,job581_scenario2_1210,B14,1210,1228,worker_is_unavailable,
1644423657,1229,job583_scenario3_1213,B11,1213,1229,worker_is_unavailable,
1644423657,1231,job589_scenario0_1225,in27,1225,1231,worker_is_unavailable,
1644423658,1244,job597_scenario3_1243,B11,1243,1244,worker_is_unavailable,
1644423658,1244,job588_scenario1_1224,B54,1224,1244,worker_is_unavailable,
1644423658,1247,job596_scenario4_1241,B54,1241,1247,worker_is_unavailable,
1644423658,1251,job591_scenario0_1231,B54,1231,1251,worker_is_unavailable,
1644423659,1253,job592_scenario0_1233,B11,1233,1253,Zt_prime=0,
1644423659,1254,job593_scenario1_1234,B54,1234,1254,worker_is_unavailable,
1644423659,1255,job594_scenario1_1235,B54,1235,1255,worker_is_unavailable,
1644423660,1268,job600_scenario4_1249,B54,1249,1268,worker_is_unavailable,
1644423660,1270,job601_scenario1_1250,B54,1250,1270,worker_is_unavailable,
1644423660,1274,job605_scenario2_1256,B14,1256,1274,worker_is_unavailable,
1644423660,1275,job606_scenario2_1257,B14,1257,1275,worker_is_unavailable,
1644423661,1277,job607_scenario3_1258,B11,1258,1277,Zt_prime=0,
1644423661,1279,job614_scenario2_1274,B14,1274,1279,Zt_prime=0,
1644423662,1282,job611_scenario2_1265,B14,1265,1282,worker_is_unavailable,
1644423662,1282,job610_scenario0_1262,B54,1262,1282,worker_is_unavailable,
1644423662,1288,job612_scenario2_1268,B14,1268,1288,Zt_prime=0,
1644423662,1295,job615_scenario2_1275,B14,1275,1295,worker_is_unavailable,
1644423663,1301,job619_scenario1_1281,B54,1281,1301,worker_is_unavailable,
1644423663,1301,job621_scenario1_1284,B54,1284,1301,worker_is_unavailable,
1644423663,1308,job630_scenario0_1294,B14,1294,1308,worker_is_unavailable,
1644423664,1310,job626_scenario1_1290,B54,1290,1310,worker_is_unavailable,
1644423664,1311,job627_scenario1_1291,B54,1291,1311,worker_is_unavailable,
1644423664,1312,job628_scenario1_1292,B54,1292,1312,worker_is_unavailable,
1644423664,1313,job629_scenario4_1293,B54,1293,1313,worker_is_unavailable,
1644423665,1325,job633_scenario3_1307,B11,1307,1325,worker_is_unavailable,
1644423665,1337,job640_scenario0_1328,in27,1328,1337,worker_is_unavailable,
1644423666,1339,job643_scenario4_1336,B54,1336,1339,Zt_prime=0,
1644423666,1341,job642_scenario3_1333,B11,1333,1341,worker_is_unavailable,
1644423666,1346,job638_scenario1_1326,B54,1326,1346,Zt_prime=0,
1644423666,1349,job641_scenario4_1329,B54,1329,1349,worker_is_unavailable,
1644423667,1364,job646_scenario3_1344,B11,1344,1364,worker_is_unavailable,
1644423667,1367,job654_scenario1_1365,B54,1365,1367,Zt_prime=0,
1644423668,1372,job648_scenario1_1352,B54,1352,1372,Zt_prime=0,
1644423668,1376,job649_scenario4_1356,B54,1356,1376,Zt_prime=0,
1644423669,1381,job652_scenario1_1361,B54,1361,1381,worker_is_unavailable,
1644423669,1386,job655_scenario2_1366,B14,1366,1386,worker_is_unavailable,
1644423669,1387,job656_scenario0_1375,in27,1375,1387,worker_is_unavailable,
1644423669,1389,job660_scenario2_1384,B14,1384,1389,worker_is_unavailable,
1644423670,1401,job658_scenario1_1381,B54,1381,1401,worker_is_unavailable,
1644423670,1402,job659_scenario2_1383,B14,1383,1402,worker_is_unavailable,
1644423671,1418,job671_scenario1_1409,B54,1409,1418,worker_is_unavailable,
1644423672,1426,job670_scenario0_1407,B54,1407,1426,worker_is_unavailable,
1644423673,1461,job679_scenario0_1441,B11,1441,1461,worker_is_unavailable,
1644423674,1465,job681_scenario0_1445,B11,1445,1465,worker_is_unavailable,
1644423674,1466,job682_scenario3_1446,B11,1446,1466,worker_is_unavailable,
1644423674,1487,job684_scenario1_1467,B54,1467,1487,worker_is_unavailable,
1644423675,1494,job685_scenario2_1474,B54,1474,1494,Zt_prime=0,
1644423676,1516,job693_scenario3_1515,B11,1515,1516,worker_is_unavailable,
1644423677,1543,job698_scenario3_1531,B11,1531,1543,worker_is_unavailable,
1644423677,1545,job700_scenario2_1536,B54,1536,1545,worker_is_unavailable,
1644423678,1562,job701_scenario0_1545,B14,1545,1562,worker_is_unavailable,
1644423678,1563,job702_scenario0_1554,B14,1554,1563,worker_is_unavailable,
1644423679,1581,job704_scenario0_1561,B14,1561,1581,worker_is_unavailable,
1644423680,1592,job709_scenario2_1584,B54,1584,1592,worker_is_unavailable,
1644423681,1615,job712_scenario1_1596,B54,1596,1615,worker_is_unavailable,
1644423682,1621,job717_scenario1_1620,B54,1620,1621,worker_is_unavailable,
1644423682,1625,job714_scenario0_1611,B11,1611,1625,worker_is_unavailable,
1644423682,1634,job718_scenario3_1621,B11,1621,1634,worker_is_unavailable,
1644423683,1654,job720_scenario1_1638,B54,1638,1654,worker_is_unavailable,
1644423683,1658,job728_scenario3_1658,B11,1658,1658,Zt_prime=0,
1644423684,1660,job727_scenario0_1653,B11,1653,1660,worker_is_unavailable,
1644423684,1667,job724_scenario1_1647,B54,1647,1667,worker_is_unavailable,
1644423684,1670,job726_scenario0_1651,B14,1651,1670,worker_is_unavailable,
1644423685,1683,job735_scenario2_1682,B54,1682,1683,worker_is_unavailable,
1644423685,1685,job731_scenario1_1665,B54,1665,1685,worker_is_unavailable,
1644423686,1698,job737_scenario2_1695,B54,1695,1698,worker_is_unavailable,
1644423686,1703,job738_scenario1_1699,B54,1699,1703,worker_is_unavailable,
1644423686,1705,job741_scenario3_1705,B11,1705,1705,worker_is_unavailable,
1644423687,1716,job745_scenario1_1712,B54,1712,1716,Zt_prime=0,
1644423688,1724,job743_scenario4_1710,B54,1710,1724,worker_is_unavailable,
1644423688,1725,job742_scenario0_1706,B14,1706,1725,worker_is_unavailable,
1644423688,1730,job747_scenario0_1714,B14,1714,1730,worker_is_unavailable,
1644423688,1731,job744_scenario0_1711,B14,1711,1731,worker_is_unavailable,
1644423689,1740,job751_scenario0_1722,B14,1722,1740,worker_is_unavailable,
1644423689,1747,job756_scenario3_1747,B11,1747,1747,Zt_prime=0,
1644423690,1760,job760_scenario4_1756,B54,1756,1760,worker_is_unavailable,
1644423690,1765,job755_scenario2_1745,B54,1745,1765,worker_is_unavailable,
1644423691,1770,job764_scenario0_1764,B14,1764,1770,worker_is_unavailable,
1644423691,1770,job765_scenario0_1765,B14,1765,1770,worker_is_unavailable,
1644423691,1777,job761_scenario0_1758,B14,1758,1777,worker_is_unavailable,
1644423692,1782,job766_scenario0_1768,B14,1768,1782,worker_is_unavailable,
1644423692,1788,job767_scenario1_1773,B54,1773,1788,Zt_prime=0,
1644423692,1790,job774_scenario1_1786,B54,1786,1790,worker_is_unavailable,
1644423693,1796,job770_scenario0_1778,B14,1778,1796,worker_is_unavailable,
1644423693,1800,job778_scenario3_1800,B11,1800,1800,worker_is_unavailable,
1644423694,1813,job777_scenario1_1797,B54,1797,1813,worker_is_unavailable,
1644423694,1814,job780_scenario0_1804,B11,1804,1814,worker_is_unavailable,
1644423695,1837,job782_scenario0_1821,B14,1821,1837,worker_is_unavailable,
1644423696,1845,job791_scenario3_1845,B11,1845,1845,worker_is_unavailable,
1644423697,1851,job787_scenario2_1841,B54,1841,1851,worker_is_unavailable,
1644423697,1852,job792_scenario0_1846,B11,1846,1852,worker_is_unavailable,
1644423697,1854,job788_scenario2_1842,B54,1842,1854,worker_is_unavailable,
1644423698,1856,job790_scenario4_1844,B54,1844,1856,worker_is_unavailable,
1644423698,1856,job798_scenario1_1853,B54,1853,1856,worker_is_unavailable,
1644423698,1866,job797_scenario0_1852,B14,1852,1866,worker_is_unavailable,
1644423699,1875,job801_scenario1_1864,B54,1864,1875,worker_is_unavailable,
1644423699,1894,job804_scenario2_1885,B54,1885,1894,worker_is_unavailable,
1644423699,1894,job806_scenario2_1890,B54,1890,1894,worker_is_unavailable,
1644423700,1903,job805_scenario0_1887,B14,1887,1903,worker_is_unavailable,
1644423701,1912,job810_scenario0_1899,B14,1899,1912,worker_is_unavailable,
1644423701,1914,job808_scenario1_1895,B54,1895,1914,worker_is_unavailable,
1644423701,1915,job815_scenario2_1910,B54,1910,1915,worker_is_unavailable,
1644423701,1920,job813_scenario1_1908,B54,1908,1920,worker_is_unavailable,
1644423701,1923,job820_scenario3_1923,B11,1923,1923,worker_is_unavailable,
1644423702,1923,job812_scenario1_1904,B54,1904,1923,Zt_prime=0,
1644423702,1926,job822_scenario0_1926,B11,1926,1926,worker_is_unavailable,
1644423702,1929,job824_scenario3_1929,B11,1929,1929,worker_is_unavailable,
1644423702,1937,job825_scenario0_1931,B14,1931,1937,worker_is_unavailable,
1644423702,1938,job817_scenario1_1919,B54,1919,1938,Zt_prime=0,
1644423702,1939,job826_scenario3_1939,B11,1939,1939,worker_is_unavailable,
1644423704,1970,job829_scenario4_1951,B54,1951,1970,worker_is_unavailable,
1644423705,1971,job830_scenario1_1952,B54,1952,1971,Zt_prime=0,
1644423706,1978,job833_scenario1_1959,B54,1959,1978,worker_is_unavailable,
1644423706,1980,job841_scenario3_1980,B11,1980,1980,worker_is_unavailable,
1644423706,1984,job840_scenario0_1979,B11,1979,1984,worker_is_unavailable,
1644423706,1988,job843_scenario2_1987,B14,1987,1988,worker_is_unavailable,
1644423707,1991,job842_scenario0_1985,B14,1985,1991,worker_is_unavailable,
1644423707,1991,job838_scenario1_1972,B54,1972,1991,worker_is_unavailable,
1644423707,1994,job839_scenario0_1976,B14,1976,1994,worker_is_unavailable,
1644423707,2000,job846_scenario3_2000,B11,2000,2000,Zt_prime=0,
1644423708,2003,job849_scenario3_2003,B11,2003,2003,worker_is_unavailable,
1644423709,2024,job850_scenario1_2004,B54,2004,2024,worker_is_unavailable,
1644423709,2024,job851_scenario1_2005,B54,2005,2024,worker_is_unavailable,
1644423710,2031,job858_scenario3_2031,B11,2031,2031,other_job_from_Ati_was_chosen,
1644423711,2037,job859_scenario3_2037,B11,2037,2037,worker_is_unavailable,
1644423711,2046,job860_scenario0_2038,B14,2038,2046,worker_is_unavailable,
1644423712,2064,job872_scenario3_2064,B11,2064,2064,worker_is_unavailable,
1644423713,2065,job870_scenario0_2060,B14,2060,2065,worker_is_unavailable,
1644423713,2066,job863_scenario1_2046,B54,2046,2066,worker_is_unavailable,
1644423713,2069,job871_scenario0_2061,B14,2061,2069,worker_is_unavailable,
1644423713,2070,job865_scenario0_2051,B11,2051,2070,worker_is_unavailable,
1644423713,2073,job867_scenario1_2054,B54,2054,2073,other_job_from_Ati_was_chosen,
1644423713,2077,job869_scenario2_2057,B54,2057,2077,worker_is_unavailable,
1644423714,2089,job874_scenario1_2069,B54,2069,2089,worker_is_unavailable,
1644423714,2091,job875_scenario2_2071,B54,2071,2091,worker_is_unavailable,
1644423715,2105,job878_scenario2_2085,B54,2085,2105,worker_is_unavailable,
1644423716,2109,job880_scenario1_2089,B54,2089,2109,Zt_prime=0,
1644423716,2118,job882_scenario2_2099,B14,2099,2118,worker_is_unavailable,
1644423716,2120,job886_scenario3_2120,B11,2120,2120,worker_is_unavailable,
1644423716,2122,job885_scenario0_2108,B14,2108,2122,worker_is_unavailable,
1644423717,2125,job890_scenario3_2125,B11,2125,2125,worker_is_unavailable,
1644423717,2139,job896_scenario0_2137,B14,2137,2139,worker_is_unavailable,
1644423718,2141,job887_scenario1_2121,B54,2121,2141,Zt_prime=0,
1644423718,2146,job891_scenario1_2126,B54,2126,2146,worker_is_unavailable,
1644423718,2148,job892_scenario2_2128,B14,2128,2148,worker_is_unavailable,
1644423718,2149,job900_scenario3_2149,B11,2149,2149,worker_is_unavailable,
1644423719,2152,job894_scenario1_2132,B54,2132,2152,worker_is_unavailable,
1644423719,2153,job895_scenario4_2133,B54,2133,2153,worker_is_unavailable,
1644423719,2160,job897_scenario0_2144,B14,2144,2160,worker_is_unavailable,
1644423722,2204,job907_scenario0_2184,B14,2184,2204,worker_is_unavailable,
1644423722,2207,job909_scenario0_2187,B14,2187,2207,worker_is_unavailable,
1644423723,2211,job912_scenario4_2199,B54,2199,2211,other_job_from_Ati_was_chosen,
1644423723,2212,job911_scenario1_2196,B54,2196,2212,worker_is_unavailable,
1644423723,2231,job916_scenario0_2216,B54,2216,2231,worker_is_unavailable,
1644423723,2232,job914_scenario1_2213,B54,2213,2232,worker_is_unavailable,
1644423723,2232,job915_scenario2_2215,B54,2215,2232,worker_is_unavailable,
1644423723,2234,job920_scenario0_2228,B14,2228,2234,worker_is_unavailable,
1644423724,2247,job921_scenario2_2229,B54,2229,2247,worker_is_unavailable,
1644423725,2258,job925_scenario0_2250,B14,2250,2258,worker_is_unavailable,
1644423725,2258,job927_scenario2_2253,B54,2253,2258,worker_is_unavailable,
1644423726,2263,job924_scenario1_2248,B54,2248,2263,Zt_prime=0,
1644423727,2284,job930_scenario1_2278,B54,2278,2284,worker_is_unavailable,
1644423728,2308,job937_scenario0_2308,B14,2308,2308,worker_is_unavailable,
1644423729,2315,job938_scenario1_2309,B54,2309,2315,other_job_from_Ati_was_chosen,
1644423729,2317,job934_scenario1_2297,B54,2297,2317,worker_is_unavailable,
1644423729,2320,job940_scenario2_2318,B54,2318,2320,worker_is_unavailable,
1644423730,2335,job943_scenario0_2334,B54,2334,2335,worker_is_unavailable,
1644423730,2337,job939_scenario0_2317,B54,2317,2337,worker_is_unavailable,
1644423731,2354,job944_scenario1_2336,B54,2336,2354,worker_is_unavailable,
1644423732,2369,job948_scenario0_2368,B54,2368,2369,worker_is_unavailable,
1644423732,2371,job949_scenario1_2371,B54,2371,2371,worker_is_unavailable,
1644423733,2399,job950_scenario0_2380,B54,2380,2399,worker_is_unavailable,
1644423733,2407,job952_scenario0_2396,B14,2396,2407,worker_is_unavailable,
1644423734,2414,job955_scenario2_2408,B54,2408,2414,worker_is_unavailable,
1644423734,2420,job957_scenario1_2420,B54,2420,2420,worker_is_unavailable,
1644423735,2429,job959_scenario1_2424,B54,2424,2429,Zt_prime=0,
1644423735,2432,job962_scenario0_2431,B14,2431,2432,worker_is_unavailable,
1644423736,2444,job964_scenario3_2444,B11,2444,2444,Zt_prime=0,
1644423737,2454,job965_scenario3_2454,B11,2454,2454,Zt_prime=0,
1644423738,2488,job968_scenario1_2469,B54,2469,2488,worker_is_unavailable,
1644423738,2489,job971_scenario0_2484,B54,2484,2489,worker_is_unavailable,
1644423739,2492,job973_scenario0_2492,B54,2492,2492,worker_is_unavailable,
1644423739,2493,job972_scenario0_2486,B14,2486,2493,Zt_prime=0,
1644423740,2510,job974_scenario2_2494,B54,2494,2510,worker_is_unavailable,
1644423740,2510,job976_scenario2_2497,B54,2497,2510,worker_is_unavailable,
1644423740,2512,job977_scenario0_2498,B54,2498,2512,worker_is_unavailable,
1644423742,2529,job983_scenario0_2522,B14,2522,2529,worker_is_unavailable,
1644423742,2534,job982_scenario0_2521,B54,2521,2534,worker_is_unavailable,
1644423742,2539,job985_scenario0_2527,B14,2527,2539,worker_is_unavailable,
1644423743,2547,job987_scenario2_2540,B54,2540,2547,worker_is_unavailable,
1644423744,2564,job990_scenario0_2560,B14,2560,2564,worker_is_unavailable,
1644423744,2575,job991_scenario0_2565,B14,2565,2575,Zt_prime=0,
1644423745,2579,job993_scenario0_2576,B14,2576,2579,worker_is_unavailable,
1644423745,2583,job996_scenario3_2583,B11,2583,2583,Zt_prime=0,
1644423745,2586,job997_scenario3_2586,B11,2586,2586,Zt_prime=0,
1644423745,2590,job998_scenario0_2590,B14,2590,2590,worker_is_unavailable,
1644423746,2601,job994_scenario1_2581,B54,2581,2601,worker_is_unavailable,
1644423747,2612,job1000_scenario3_2612,B11,2612,2612,Zt_prime=0,
1644423750,2644,job1007_scenario0_2642,B14,2642,2644,Zt_prime=0,
1644423751,2650,job1009_scenario4_2650,B54,2650,2650,worker_is_unavailable,
1644423752,2667,job1013_scenario3_2667,B11,2667,2667,Zt_prime=0,
1644423753,2673,job1015_scenario2_2673,B54,2673,2673,other_job_from_Ati_was_chosen,
1644423753,2675,job1012_scenario1_2664,B54,2664,2675,worker_is_unavailable,
1644423754,2705,job1017_scenario0_2687,B54,2687,2705,worker_is_unavailable,
1644423755,2711,job1019_scenario1_2699,B54,2699,2711,worker_is_unavailable,
1644423755,2715,job1023_scenario0_2715,B14,2715,2715,worker_is_unavailable,
1644423756,2723,job1024_scenario2_2717,B54,2717,2723,worker_is_unavailable,
1644423757,2749,job1028_scenario0_2747,B14,2747,2749,worker_is_unavailable,
1644423758,2756,job1027_scenario1_2744,B54,2744,2756,worker_is_unavailable,
1644423758,2756,job1029_scenario2_2749,B54,2749,2756,worker_is_unavailable,
1644423760,2782,job1037_scenario0_2780,B14,2780,2782,worker_is_unavailable,
1644423761,2795,job1039_scenario0_2785,B14,2785,2795,Zt_prime=0,
1644423762,2796,job1041_scenario4_2796,B54,2796,2796,worker_is_unavailable,
1644423762,2799,job1040_scenario2_2786,B54,2786,2799,worker_is_unavailable,
1644423762,2800,job1042_scenario1_2797,B54,2797,2800,worker_is_unavailable,
1644423763,2810,job1045_scenario0_2810,B14,2810,2810,worker_is_unavailable,
1644423764,2829,job1047_scenario2_2824,B54,2824,2829,worker_is_unavailable,
1644423764,2837,job1049_scenario3_2837,B11,2837,2837,Zt_prime=0,
1644423765,2852,job1052_scenario1_2850,B54,2850,2852,worker_is_unavailable,
1644423766,2857,job1050_scenario1_2839,B54,2839,2857,Zt_prime=0,
1644423766,2861,job1051_scenario1_2843,B54,2843,2861,worker_is_unavailable,
1644423767,2870,job1056_scenario2_2868,B54,2868,2870,worker_is_unavailable,
1644423769,2906,job1059_scenario2_2888,B54,2888,2906,Zt_prime=0,
1644423771,2935,job1063_scenario0_2935,B14,2935,2935,Zt_prime=0,
1644423771,2940,job1064_scenario2_2938,B54,2938,2940,worker_is_unavailable,
1644423772,2959,job1067_scenario0_2958,B54,2958,2959,worker_is_unavailable,
1644423773,2966,job1069_scenario2_2965,B54,2965,2966,worker_is_unavailable,
1644423773,2968,job1068_scenario1_2960,B54,2960,2968,worker_is_unavailable,
1644423774,2977,job1071_scenario3_2977,B11,2977,2977,Zt_prime=0,
1644423774,2984,job1072_scenario0_2982,B54,2982,2984,worker_is_unavailable,
1644423775,3007,job1077_scenario2_3007,B54,3007,3007,worker_is_unavailable,
1644423776,3033,job1078_scenario1_3023,B54,3023,3033,worker_is_unavailable,
1644423777,3039,job1079_scenario1_3031,B54,3031,3039,worker_is_unavailable,
1644423777,3049,job1082_scenario3_3049,B11,3049,3049,Zt_prime=0,
1644423781,3126,job1090_scenario0_3125,B54,3125,3126,worker_is_unavailable,
1644423783,3140,job1089_scenario2_3121,B54,3121,3140,worker_is_unavailable,
1644423784,3152,job1095_scenario4_3140,B54,3140,3152,Zt_prime=0,
1644423786,3186,job1098_scenario1_3173,B54,3173,3186,worker_is_unavailable,
1644423787,3199,job1100_scenario2_3183,B54,3183,3199,worker_is_unavailable,
1644423788,3212,job1103_scenario0_3206,B54,3206,3212,worker_is_unavailable,
1644423789,3220,job1106_scenario4_3215,B54,3215,3220,worker_is_unavailable,
1644423791,3263,job1111_scenario0_3250,B14,3250,3263,Zt_prime=0,
1644423791,3265,job1110_scenario1_3248,B54,3248,3265,worker_is_unavailable,
1644423792,3276,job1113_scenario2_3268,B54,3268,3276,worker_is_unavailable,
1644423794,3299,job1118_scenario3_3299,B11,3299,3299,Zt_prime=0,
1644423795,3313,job1119_scenario3_3313,B11,3313,3313,Zt_prime=0,
1644423796,3338,job1120_scenario4_3324,B54,3324,3338,Zt_prime=0,
1644423799,3390,job1123_scenario0_3370,B14,3370,3390,worker_is_unavailable,
1644423799,3398,job1126_scenario2_3387,B54,3387,3398,worker_is_unavailable,
1644423800,3413,job1129_scenario3_3413,B11,3413,3413,Zt_prime=0,
1644423803,3441,job1132_scenario4_3428,B54,3428,3441,worker_is_unavailable,
1644423803,3450,job1133_scenario2_3450,B54,3450,3450,worker_is_unavailable,
1644423804,3484,job1136_scenario3_3484,B11,3484,3484,worker_is_unavailable,
1644423805,3505,job1141_scenario1_3505,B54,3505,3505,worker_is_unavailable,
1644423805,3507,job1139_scenario2_3499,B54,3499,3507,worker_is_unavailable,
1644423805,3508,job1142_scenario0_3508,B54,3508,3508,worker_is_unavailable,
1644423805,3513,job1140_scenario4_3500,B54,3500,3513,worker_is_unavailable,
1644423805,3514,job1138_scenario2_3498,B54,3498,3514,worker_is_unavailable,
1644423806,3529,job1145_scenario0_3525,B14,3525,3529,Zt_prime=0,
1644423808,3541,job1148_scenario3_3541,B11,3541,3541,Zt_prime=0,
1644423811,3567,job1150_scenario0_3548,B54,3548,3567,worker_is_unavailable,
1644423812,3587,job1154_scenario1_3570,B54,3570,3587,worker_is_unavailable,
1644423814,3608,job1159_scenario0_3588,B54,3588,3608,worker_is_unavailable,
