jobId,arrivalTime,maxStartDelay,urgency,minTimeForHandling,maxTimeForHandling,location,terrain,vehicle,timeOfTheDay,weather,scenarioType
job0_scenario2_3,3,20,2,0,0,east,asphalt,sedan,morning,sunshine,scenario2,
job1_scenario4_5,5,20,8,0,0,west,asphalt,sedan,morning,sunshine,scenario4,
job2_scenario4_7,7,20,2,0,0,west,asphalt,sedan,morning,sunshine,scenario4,
job3_scenario2_8,8,20,8,0,0,east,asphalt,sedan,morning,sunshine,scenario2,
job4_scenario0_13,13,20,1,0,0,north,asphalt,sedan,morning,sunshine,scenario0,
job5_scenario0_15,15,20,1,0,0,south,asphalt,sedan,morning,sunshine,scenario0,
job6_scenario0_16,16,20,9,0,0,south,asphalt,sedan,morning,sunshine,scenario0,
job7_scenario1_17,17,20,3,0,0,east,asphalt,sedan,morning,sunshine,scenario1,
job8_scenario0_21,21,20,4,0,0,north,asphalt,sedan,morning,sunshine,scenario0,
job9_scenario2_23,23,20,2,0,0,east,asphalt,sedan,morning,sunshine,scenario2,
job10_scenario2_24,24,20,7,0,0,west,asphalt,sedan,morning,sunshine,scenario2,
job11_scenario3_26,26,20,8,0,0,west,asphalt,sedan,morning,sunshine,scenario3,
job12_scenario1_27,27,20,6,0,0,south,asphalt,sedan,morning,sunshine,scenario1,
job13_scenario4_28,28,20,9,0,0,east,asphalt,sedan,morning,sunshine,scenario4,
job14_scenario1_35,35,20,8,0,0,west,asphalt,sedan,morning,sunshine,scenario1,
job15_scenario1_36,36,20,1,0,0,west,asphalt,sedan,morning,sunshine,scenario1,
job16_scenario1_38,38,20,10,0,0,west,asphalt,sedan,morning,sunshine,scenario1,
job17_scenario1_39,39,20,2,0,0,west,asphalt,sedan,morning,sunshine,scenario1,
job18_scenario1_47,47,20,9,0,0,west,asphalt,sedan,morning,sunshine,scenario1,
job19_scenario1_49,49,20,9,0,0,south,asphalt,sedan,morning,sunshine,scenario1,
job20_scenario1_50,50,20,6,0,0,east,asphalt,sedan,morning,sunshine,scenario1,
job21_scenario0_51,51,20,5,0,0,south,asphalt,sedan,morning,sunshine,scenario0,
job22_scenario0_54,54,20,6,0,0,south,asphalt,sedan,morning,sunshine,scenario0,
job23_scenario0_56,56,20,7,0,0,north,asphalt,sedan,morning,sunshine,scenario0,
job24_scenario1_57,57,20,3,0,0,north,asphalt,sedan,morning,sunshine,scenario1,
job25_scenario4_58,58,20,5,0,0,north,asphalt,sedan,morning,sunshine,scenario4,
job26_scenario0_59,59,20,10,0,0,east,asphalt,sedan,morning,sunshine,scenario0,
job27_scenario3_61,61,20,5,0,0,east,asphalt,sedan,morning,sunshine,scenario3,
job28_scenario2_64,64,20,5,0,0,north,asphalt,sedan,morning,sunshine,scenario2,
job29_scenario1_67,67,20,5,0,0,south,asphalt,sedan,morning,sunshine,scenario1,
job30_scenario0_70,70,20,1,0,0,west,asphalt,sedan,morning,sunshine,scenario0,
job31_scenario2_71,71,20,4,0,0,south,asphalt,sedan,morning,sunshine,scenario2,
job32_scenario4_74,74,20,7,0,0,south,asphalt,sedan,morning,sunshine,scenario4,
job33_scenario2_77,77,20,7,0,0,west,asphalt,sedan,morning,sunshine,scenario2,
job34_scenario3_79,79,20,6,0,0,east,asphalt,sedan,morning,sunshine,scenario3,
job35_scenario0_80,80,20,6,0,0,south,asphalt,sedan,morning,sunshine,scenario0,
job36_scenario3_81,81,20,4,0,0,north,asphalt,sedan,morning,sunshine,scenario3,
job37_scenario0_82,82,20,7,0,0,south,asphalt,sedan,morning,sunshine,scenario0,
job38_scenario2_83,83,20,6,0,0,south,asphalt,sedan,morning,sunshine,scenario2,
job39_scenario1_84,84,20,8,0,0,east,asphalt,sedan,morning,sunshine,scenario1,
job40_scenario0_87,87,20,10,0,0,north,asphalt,sedan,morning,sunshine,scenario0,
job41_scenario2_89,89,20,10,0,0,north,asphalt,sedan,morning,sunshine,scenario2,
job42_scenario1_90,90,20,6,0,0,south,asphalt,sedan,morning,sunshine,scenario1,
job43_scenario0_94,94,20,7,0,0,north,asphalt,sedan,morning,sunshine,scenario0,
job44_scenario1_95,95,20,1,0,0,south,asphalt,sedan,morning,sunshine,scenario1,
job45_scenario1_96,96,20,3,0,0,west,asphalt,sedan,morning,sunshine,scenario1,
job46_scenario4_97,97,20,8,0,0,west,asphalt,sedan,morning,sunshine,scenario4,
job47_scenario0_98,98,20,8,0,0,north,asphalt,sedan,morning,sunshine,scenario0,
job48_scenario3_99,99,20,2,0,0,south,asphalt,sedan,morning,sunshine,scenario3,
job49_scenario0_101,101,20,1,0,0,east,asphalt,sedan,morning,sunshine,scenario0,
job50_scenario1_103,103,20,7,0,0,north,asphalt,sedan,morning,sunshine,scenario1,
job51_scenario1_106,106,20,9,0,0,north,asphalt,sedan,morning,sunshine,scenario1,
job52_scenario1_107,107,20,5,0,0,east,asphalt,sedan,morning,sunshine,scenario1,
job53_scenario0_108,108,20,3,0,0,south,asphalt,sedan,morning,sunshine,scenario0,
job54_scenario3_109,109,20,8,0,0,north,asphalt,sedan,morning,sunshine,scenario3,
job55_scenario2_111,111,20,7,0,0,west,asphalt,sedan,morning,sunshine,scenario2,
job56_scenario1_113,113,20,8,0,0,south,asphalt,sedan,morning,sunshine,scenario1,
job57_scenario2_114,114,20,2,0,0,east,asphalt,sedan,morning,sunshine,scenario2,
job58_scenario3_116,116,20,9,0,0,east,asphalt,sedan,morning,sunshine,scenario3,
job59_scenario1_118,118,20,6,0,0,north,asphalt,sedan,morning,sunshine,scenario1,
job60_scenario2_120,120,20,4,0,0,south,asphalt,sedan,morning,sunshine,scenario2,
job61_scenario4_122,122,20,3,0,0,north,asphalt,sedan,morning,sunshine,scenario4,
job62_scenario3_123,123,20,1,0,0,south,asphalt,sedan,morning,sunshine,scenario3,
job63_scenario4_124,124,20,3,0,0,east,asphalt,sedan,morning,sunshine,scenario4,
job64_scenario3_127,127,20,5,0,0,south,asphalt,sedan,morning,sunshine,scenario3,
job65_scenario4_130,130,20,1,0,0,south,asphalt,sedan,morning,sunshine,scenario4,
job66_scenario0_131,131,20,10,0,0,north,asphalt,sedan,morning,sunshine,scenario0,
job67_scenario1_133,133,20,9,0,0,west,asphalt,sedan,morning,sunshine,scenario1,
job68_scenario4_141,141,20,10,0,0,west,asphalt,sedan,morning,sunshine,scenario4,
job69_scenario2_144,144,20,3,0,0,east,asphalt,sedan,morning,sunshine,scenario2,
job70_scenario4_145,145,20,4,0,0,north,asphalt,sedan,morning,sunshine,scenario4,
job71_scenario1_150,150,20,3,0,0,south,asphalt,sedan,morning,sunshine,scenario1,
job72_scenario2_151,151,20,7,0,0,east,asphalt,sedan,morning,sunshine,scenario2,
job73_scenario4_153,153,20,4,0,0,west,asphalt,sedan,morning,sunshine,scenario4,
job74_scenario1_154,154,20,5,0,0,north,asphalt,sedan,morning,sunshine,scenario1,
job75_scenario3_157,157,20,1,0,0,south,asphalt,sedan,morning,sunshine,scenario3,
job76_scenario2_158,158,20,3,0,0,north,asphalt,sedan,morning,sunshine,scenario2,
job77_scenario2_159,159,20,5,0,0,east,asphalt,sedan,morning,sunshine,scenario2,
job78_scenario1_165,165,20,7,0,0,east,asphalt,sedan,morning,sunshine,scenario1,
job79_scenario1_167,167,20,9,0,0,north,asphalt,sedan,morning,sunshine,scenario1,
job80_scenario2_169,169,20,5,0,0,south,asphalt,sedan,morning,sunshine,scenario2,
job81_scenario0_173,173,20,1,0,0,south,asphalt,sedan,morning,sunshine,scenario0,
job82_scenario2_174,174,20,3,0,0,south,asphalt,sedan,morning,sunshine,scenario2,
job83_scenario1_175,175,20,6,0,0,north,asphalt,sedan,morning,sunshine,scenario1,
job84_scenario1_177,177,20,9,0,0,east,asphalt,sedan,morning,sunshine,scenario1,
job85_scenario4_178,178,20,8,0,0,south,asphalt,sedan,morning,sunshine,scenario4,
job86_scenario0_179,179,20,10,0,0,east,asphalt,sedan,morning,sunshine,scenario0,
job87_scenario1_182,182,20,6,0,0,east,asphalt,sedan,morning,sunshine,scenario1,
job88_scenario1_183,183,20,5,0,0,south,asphalt,sedan,morning,sunshine,scenario1,
job89_scenario0_185,185,20,8,0,0,east,asphalt,sedan,morning,sunshine,scenario0,
job90_scenario3_190,190,20,3,0,0,east,asphalt,sedan,morning,sunshine,scenario3,
job91_scenario4_192,192,20,9,0,0,west,asphalt,sedan,morning,sunshine,scenario4,
job92_scenario3_193,193,20,1,0,0,east,asphalt,sedan,morning,sunshine,scenario3,
job93_scenario1_194,194,20,5,0,0,north,asphalt,sedan,morning,sunshine,scenario1,
job94_scenario3_195,195,20,4,0,0,south,asphalt,sedan,morning,sunshine,scenario3,
job95_scenario1_197,197,20,3,0,0,east,asphalt,sedan,morning,sunshine,scenario1,
job96_scenario4_198,198,20,1,0,0,east,asphalt,sedan,morning,sunshine,scenario4,
job97_scenario3_199,199,20,6,0,0,west,asphalt,sedan,morning,sunshine,scenario3,
job98_scenario3_200,200,20,3,0,0,south,asphalt,sedan,morning,sunshine,scenario3,
job99_scenario2_202,202,20,4,0,0,east,asphalt,sedan,morning,sunshine,scenario2,
job100_scenario3_203,203,20,3,0,0,west,asphalt,sedan,morning,sunshine,scenario3,
job101_scenario1_204,204,20,5,0,0,west,asphalt,sedan,morning,sunshine,scenario1,
job102_scenario3_206,206,20,2,0,0,west,asphalt,sedan,morning,sunshine,scenario3,
job103_scenario4_207,207,20,9,0,0,east,asphalt,sedan,morning,sunshine,scenario4,
job104_scenario0_211,211,20,10,0,0,north,asphalt,sedan,morning,sunshine,scenario0,
job105_scenario1_212,212,20,7,0,0,north,asphalt,sedan,morning,sunshine,scenario1,
job106_scenario1_216,216,20,5,0,0,east,asphalt,sedan,morning,sunshine,scenario1,
job107_scenario1_217,217,20,3,0,0,west,asphalt,sedan,morning,sunshine,scenario1,
job108_scenario3_218,218,20,10,0,0,south,asphalt,sedan,morning,sunshine,scenario3,
job109_scenario1_220,220,20,9,0,0,west,asphalt,sedan,morning,sunshine,scenario1,
job110_scenario2_224,224,20,3,0,0,south,asphalt,sedan,morning,sunshine,scenario2,
job111_scenario4_225,225,20,7,0,0,north,asphalt,sedan,morning,sunshine,scenario4,
job112_scenario1_227,227,20,5,0,0,south,asphalt,sedan,morning,sunshine,scenario1,
job113_scenario2_228,228,20,8,0,0,south,asphalt,sedan,morning,sunshine,scenario2,
job114_scenario1_229,229,20,7,0,0,east,asphalt,sedan,morning,sunshine,scenario1,
job115_scenario0_230,230,20,10,0,0,south,asphalt,sedan,morning,sunshine,scenario0,
job116_scenario0_234,234,20,4,0,0,north,asphalt,sedan,morning,sunshine,scenario0,
job117_scenario4_235,235,20,4,0,0,west,asphalt,sedan,morning,sunshine,scenario4,
job118_scenario4_237,237,20,9,0,0,east,asphalt,sedan,morning,sunshine,scenario4,
job119_scenario2_240,240,20,5,0,0,east,asphalt,sedan,morning,sunshine,scenario2,
job120_scenario2_241,241,20,9,0,0,north,asphalt,sedan,morning,sunshine,scenario2,
job121_scenario1_245,245,20,1,0,0,north,asphalt,sedan,morning,sunshine,scenario1,
job122_scenario2_246,246,20,8,0,0,north,asphalt,sedan,morning,sunshine,scenario2,
job123_scenario0_251,251,20,7,0,0,east,asphalt,sedan,morning,sunshine,scenario0,
job124_scenario1_252,252,20,6,0,0,east,asphalt,sedan,morning,sunshine,scenario1,
job125_scenario1_253,253,20,9,0,0,north,asphalt,sedan,morning,sunshine,scenario1,
job126_scenario2_255,255,20,1,0,0,west,asphalt,sedan,morning,sunshine,scenario2,
job127_scenario2_256,256,20,4,0,0,south,asphalt,sedan,morning,sunshine,scenario2,
job128_scenario2_258,258,20,10,0,0,south,asphalt,sedan,morning,sunshine,scenario2,
job129_scenario3_264,264,20,9,0,0,east,asphalt,sedan,morning,sunshine,scenario3,
job130_scenario0_268,268,20,6,0,0,west,asphalt,sedan,morning,sunshine,scenario0,
job131_scenario1_271,271,20,10,0,0,west,asphalt,sedan,morning,sunshine,scenario1,
job132_scenario4_273,273,20,2,0,0,north,asphalt,sedan,morning,sunshine,scenario4,
job133_scenario2_275,275,20,2,0,0,west,asphalt,sedan,morning,sunshine,scenario2,
job134_scenario2_277,277,20,7,0,0,south,asphalt,sedan,morning,sunshine,scenario2,
job135_scenario1_278,278,20,4,0,0,east,asphalt,sedan,morning,sunshine,scenario1,
job136_scenario1_283,283,20,8,0,0,south,asphalt,sedan,morning,sunshine,scenario1,
job137_scenario4_284,284,20,2,0,0,north,asphalt,sedan,morning,sunshine,scenario4,
job138_scenario4_287,287,20,3,0,0,north,asphalt,sedan,morning,sunshine,scenario4,
job139_scenario0_288,288,20,1,0,0,north,asphalt,sedan,morning,sunshine,scenario0,
job140_scenario0_291,291,20,6,0,0,east,asphalt,sedan,morning,sunshine,scenario0,
job141_scenario2_292,292,20,9,0,0,south,asphalt,sedan,morning,sunshine,scenario2,
job142_scenario1_293,293,20,2,0,0,north,asphalt,sedan,morning,sunshine,scenario1,
job143_scenario2_294,294,20,6,0,0,west,asphalt,sedan,morning,sunshine,scenario2,
job144_scenario1_295,295,20,5,0,0,west,asphalt,sedan,morning,sunshine,scenario1,
job145_scenario1_296,296,20,2,0,0,east,asphalt,sedan,morning,sunshine,scenario1,
job146_scenario0_297,297,20,7,0,0,west,asphalt,sedan,morning,sunshine,scenario0,
job147_scenario0_298,298,20,1,0,0,south,asphalt,sedan,morning,sunshine,scenario0,
job148_scenario1_299,299,20,4,0,0,east,asphalt,sedan,morning,sunshine,scenario1,
job149_scenario3_302,302,20,5,0,0,east,asphalt,sedan,morning,sunshine,scenario3,
job150_scenario0_304,304,20,1,0,0,east,asphalt,sedan,morning,sunshine,scenario0,
job151_scenario3_306,306,20,4,0,0,west,asphalt,sedan,morning,sunshine,scenario3,
job152_scenario1_307,307,20,4,0,0,east,asphalt,sedan,morning,sunshine,scenario1,
job153_scenario4_308,308,20,1,0,0,west,asphalt,sedan,morning,sunshine,scenario4,
job154_scenario1_313,313,20,7,0,0,east,asphalt,sedan,morning,sunshine,scenario1,
job155_scenario1_315,315,20,5,0,0,south,asphalt,sedan,morning,sunshine,scenario1,
job156_scenario1_316,316,20,5,0,0,north,asphalt,sedan,morning,sunshine,scenario1,
job157_scenario0_317,317,20,1,0,0,south,asphalt,sedan,morning,sunshine,scenario0,
job158_scenario0_319,319,20,7,0,0,west,asphalt,sedan,morning,sunshine,scenario0,
job159_scenario1_321,321,20,4,0,0,west,asphalt,sedan,morning,sunshine,scenario1,
job160_scenario1_323,323,20,3,0,0,south,asphalt,sedan,morning,sunshine,scenario1,
job161_scenario1_324,324,20,6,0,0,south,asphalt,sedan,morning,sunshine,scenario1,
job162_scenario2_325,325,20,10,0,0,north,asphalt,sedan,morning,sunshine,scenario2,
job163_scenario1_326,326,20,9,0,0,south,asphalt,sedan,morning,sunshine,scenario1,
job164_scenario1_329,329,20,10,0,0,east,asphalt,sedan,morning,sunshine,scenario1,
job165_scenario1_331,331,20,8,0,0,east,asphalt,sedan,morning,sunshine,scenario1,
job166_scenario2_333,333,20,8,0,0,north,asphalt,sedan,morning,sunshine,scenario2,
job167_scenario3_334,334,20,2,0,0,south,asphalt,sedan,morning,sunshine,scenario3,
job168_scenario2_336,336,20,8,0,0,east,asphalt,sedan,morning,sunshine,scenario2,
job169_scenario1_339,339,20,7,0,0,east,asphalt,sedan,morning,sunshine,scenario1,
job170_scenario2_340,340,20,5,0,0,north,asphalt,sedan,morning,sunshine,scenario2,
job171_scenario0_346,346,20,9,0,0,west,asphalt,sedan,morning,sunshine,scenario0,
job172_scenario3_347,347,20,9,0,0,north,asphalt,sedan,morning,sunshine,scenario3,
job173_scenario0_349,349,20,2,0,0,east,asphalt,sedan,morning,sunshine,scenario0,
job174_scenario1_350,350,20,10,0,0,south,asphalt,sedan,morning,sunshine,scenario1,
job175_scenario0_351,351,20,4,0,0,east,asphalt,sedan,morning,sunshine,scenario0,
job176_scenario1_352,352,20,2,0,0,west,asphalt,sedan,morning,sunshine,scenario1,
job177_scenario3_353,353,20,3,0,0,south,asphalt,sedan,morning,sunshine,scenario3,
job178_scenario1_355,355,20,10,0,0,east,asphalt,sedan,morning,sunshine,scenario1,
job179_scenario0_356,356,20,10,0,0,north,asphalt,sedan,morning,sunshine,scenario0,
job180_scenario4_357,357,20,1,0,0,north,asphalt,sedan,morning,sunshine,scenario4,
job181_scenario2_358,358,20,3,0,0,north,asphalt,sedan,morning,sunshine,scenario2,
job182_scenario3_359,359,20,6,0,0,west,asphalt,sedan,morning,sunshine,scenario3,
job183_scenario1_360,360,20,10,0,0,south,asphalt,sedan,morning,sunshine,scenario1,
job184_scenario4_361,361,20,2,0,0,west,asphalt,sedan,morning,sunshine,scenario4,
job185_scenario4_364,364,20,7,0,0,west,asphalt,sedan,morning,sunshine,scenario4,
job186_scenario0_365,365,20,10,0,0,west,asphalt,sedan,morning,sunshine,scenario0,
job187_scenario1_366,366,20,7,0,0,east,asphalt,sedan,morning,sunshine,scenario1,
job188_scenario2_367,367,20,2,0,0,west,asphalt,sedan,morning,sunshine,scenario2,
job189_scenario0_368,368,20,2,0,0,east,asphalt,sedan,morning,sunshine,scenario0,
job190_scenario3_370,370,20,7,0,0,east,asphalt,sedan,morning,sunshine,scenario3,
job191_scenario4_371,371,20,10,0,0,west,asphalt,sedan,morning,sunshine,scenario4,
job192_scenario1_377,377,20,7,0,0,west,asphalt,sedan,morning,sunshine,scenario1,
job193_scenario0_378,378,20,1,0,0,west,asphalt,sedan,morning,sunshine,scenario0,
job194_scenario0_380,380,20,6,0,0,east,asphalt,sedan,morning,sunshine,scenario0,
job195_scenario1_384,384,20,10,0,0,south,asphalt,sedan,morning,sunshine,scenario1,
job196_scenario2_385,385,20,3,0,0,east,asphalt,sedan,morning,sunshine,scenario2,
job197_scenario3_386,386,20,6,0,0,south,asphalt,sedan,morning,sunshine,scenario3,
job198_scenario0_387,387,20,9,0,0,north,asphalt,sedan,morning,sunshine,scenario0,
job199_scenario1_388,388,20,6,0,0,north,asphalt,sedan,morning,sunshine,scenario1,
job200_scenario1_390,390,20,5,0,0,north,asphalt,sedan,morning,sunshine,scenario1,
job201_scenario3_391,391,20,7,0,0,north,asphalt,sedan,morning,sunshine,scenario3,
job202_scenario1_392,392,20,7,0,0,east,asphalt,sedan,morning,sunshine,scenario1,
job203_scenario1_394,394,20,3,0,0,west,asphalt,sedan,morning,sunshine,scenario1,
job204_scenario0_399,399,20,4,0,0,west,asphalt,sedan,morning,sunshine,scenario0,
job205_scenario1_401,401,20,2,0,0,west,asphalt,sedan,morning,sunshine,scenario1,
job206_scenario1_402,402,20,3,0,0,south,asphalt,sedan,morning,sunshine,scenario1,
job207_scenario0_406,406,20,8,0,0,west,asphalt,sedan,morning,sunshine,scenario0,
job208_scenario2_407,407,20,7,0,0,north,asphalt,sedan,morning,sunshine,scenario2,
job209_scenario1_408,408,20,3,0,0,south,asphalt,sedan,morning,sunshine,scenario1,
job210_scenario1_410,410,20,2,0,0,west,asphalt,sedan,morning,sunshine,scenario1,
job211_scenario2_414,414,20,2,0,0,west,asphalt,sedan,morning,sunshine,scenario2,
job212_scenario3_415,415,20,7,0,0,west,asphalt,sedan,morning,sunshine,scenario3,
job213_scenario0_416,416,20,8,0,0,west,asphalt,sedan,morning,sunshine,scenario0,
job214_scenario3_417,417,20,4,0,0,north,asphalt,sedan,morning,sunshine,scenario3,
job215_scenario1_422,422,20,4,0,0,east,asphalt,sedan,morning,sunshine,scenario1,
job216_scenario1_423,423,20,4,0,0,east,asphalt,sedan,morning,sunshine,scenario1,
job217_scenario1_424,424,20,10,0,0,west,asphalt,sedan,morning,sunshine,scenario1,
job218_scenario2_426,426,20,6,0,0,west,asphalt,sedan,morning,sunshine,scenario2,
job219_scenario1_429,429,20,9,0,0,east,asphalt,sedan,morning,sunshine,scenario1,
job220_scenario0_430,430,20,1,0,0,north,asphalt,sedan,morning,sunshine,scenario0,
job221_scenario0_431,431,20,9,0,0,south,asphalt,sedan,morning,sunshine,scenario0,
job222_scenario1_432,432,20,4,0,0,north,asphalt,sedan,morning,sunshine,scenario1,
job223_scenario2_434,434,20,8,0,0,south,asphalt,sedan,morning,sunshine,scenario2,
job224_scenario1_435,435,20,2,0,0,west,asphalt,sedan,morning,sunshine,scenario1,
job225_scenario3_438,438,20,8,0,0,south,asphalt,sedan,morning,sunshine,scenario3,
job226_scenario1_447,447,20,3,0,0,east,asphalt,sedan,morning,sunshine,scenario1,
job227_scenario2_451,451,20,4,0,0,east,asphalt,sedan,morning,sunshine,scenario2,
job228_scenario1_455,455,20,7,0,0,north,asphalt,sedan,morning,sunshine,scenario1,
job229_scenario0_456,456,20,9,0,0,south,asphalt,sedan,morning,sunshine,scenario0,
job230_scenario4_458,458,20,6,0,0,east,asphalt,sedan,morning,sunshine,scenario4,
job231_scenario2_459,459,20,4,0,0,north,asphalt,sedan,morning,sunshine,scenario2,
job232_scenario2_461,461,20,4,0,0,west,asphalt,sedan,morning,sunshine,scenario2,
job233_scenario0_462,462,20,8,0,0,north,asphalt,sedan,morning,sunshine,scenario0,
job234_scenario1_465,465,20,10,0,0,north,asphalt,sedan,morning,sunshine,scenario1,
job235_scenario2_466,466,20,5,0,0,west,asphalt,sedan,morning,sunshine,scenario2,
job236_scenario4_467,467,20,5,0,0,south,asphalt,sedan,morning,sunshine,scenario4,
job237_scenario2_470,470,20,5,0,0,south,asphalt,sedan,morning,sunshine,scenario2,
job238_scenario2_471,471,20,4,0,0,south,asphalt,sedan,morning,sunshine,scenario2,
job239_scenario1_474,474,20,4,0,0,west,asphalt,sedan,morning,sunshine,scenario1,
job240_scenario0_477,477,20,8,0,0,west,asphalt,sedan,morning,sunshine,scenario0,
job241_scenario0_478,478,20,1,0,0,south,asphalt,sedan,morning,sunshine,scenario0,
job242_scenario0_479,479,20,6,0,0,west,asphalt,sedan,morning,sunshine,scenario0,
job243_scenario3_480,480,20,1,0,0,south,asphalt,sedan,morning,sunshine,scenario3,
job244_scenario1_482,482,20,5,0,0,east,asphalt,sedan,morning,sunshine,scenario1,
job245_scenario0_483,483,20,6,0,0,south,asphalt,sedan,morning,sunshine,scenario0,
job246_scenario2_486,486,20,3,0,0,west,asphalt,sedan,morning,sunshine,scenario2,
job247_scenario4_487,487,20,1,0,0,north,asphalt,sedan,morning,sunshine,scenario4,
job248_scenario1_488,488,20,10,0,0,west,asphalt,sedan,morning,sunshine,scenario1,
job249_scenario1_489,489,20,6,0,0,west,asphalt,sedan,morning,sunshine,scenario1,
job250_scenario2_490,490,20,10,0,0,north,asphalt,sedan,morning,sunshine,scenario2,
job251_scenario2_493,493,20,7,0,0,south,asphalt,sedan,morning,sunshine,scenario2,
job252_scenario4_496,496,20,10,0,0,east,asphalt,sedan,morning,sunshine,scenario4,
job253_scenario1_497,497,20,2,0,0,south,asphalt,sedan,morning,sunshine,scenario1,
job254_scenario3_498,498,20,3,0,0,north,asphalt,sedan,morning,sunshine,scenario3,
job255_scenario3_499,499,20,10,0,0,north,asphalt,sedan,morning,sunshine,scenario3,
job256_scenario3_502,502,20,4,0,0,south,asphalt,sedan,morning,sunshine,scenario3,
job257_scenario1_504,504,20,9,0,0,south,asphalt,sedan,morning,sunshine,scenario1,
job258_scenario2_507,507,20,4,0,0,south,asphalt,sedan,morning,sunshine,scenario2,
job259_scenario1_508,508,20,5,0,0,south,asphalt,sedan,morning,sunshine,scenario1,
job260_scenario1_509,509,20,3,0,0,west,asphalt,sedan,morning,sunshine,scenario1,
job261_scenario4_510,510,20,10,0,0,east,asphalt,sedan,morning,sunshine,scenario4,
job262_scenario2_514,514,20,1,0,0,south,asphalt,sedan,morning,sunshine,scenario2,
job263_scenario1_515,515,20,5,0,0,west,asphalt,sedan,morning,sunshine,scenario1,
job264_scenario1_516,516,20,7,0,0,south,asphalt,sedan,morning,sunshine,scenario1,
job265_scenario0_519,519,20,3,0,0,south,asphalt,sedan,morning,sunshine,scenario0,
job266_scenario2_520,520,20,2,0,0,west,asphalt,sedan,morning,sunshine,scenario2,
job267_scenario0_522,522,20,5,0,0,east,asphalt,sedan,morning,sunshine,scenario0,
job268_scenario2_523,523,20,3,0,0,west,asphalt,sedan,morning,sunshine,scenario2,
job269_scenario1_526,526,20,9,0,0,north,asphalt,sedan,morning,sunshine,scenario1,
job270_scenario0_528,528,20,1,0,0,west,asphalt,sedan,morning,sunshine,scenario0,
job271_scenario2_530,530,20,8,0,0,west,asphalt,sedan,morning,sunshine,scenario2,
job272_scenario1_531,531,20,9,0,0,south,asphalt,sedan,morning,sunshine,scenario1,
job273_scenario1_532,532,20,3,0,0,east,asphalt,sedan,morning,sunshine,scenario1,
job274_scenario0_534,534,20,7,0,0,south,asphalt,sedan,morning,sunshine,scenario0,
job275_scenario3_535,535,20,1,0,0,north,asphalt,sedan,morning,sunshine,scenario3,
job276_scenario3_536,536,20,10,0,0,south,asphalt,sedan,morning,sunshine,scenario3,
job277_scenario4_537,537,20,8,0,0,west,asphalt,sedan,morning,sunshine,scenario4,
job278_scenario0_538,538,20,5,0,0,north,asphalt,sedan,morning,sunshine,scenario0,
job279_scenario1_540,540,20,10,0,0,north,asphalt,sedan,morning,sunshine,scenario1,
job280_scenario1_541,541,20,8,0,0,west,asphalt,sedan,morning,sunshine,scenario1,
job281_scenario2_542,542,20,5,0,0,west,asphalt,sedan,morning,sunshine,scenario2,
job282_scenario4_545,545,20,5,0,0,east,asphalt,sedan,morning,sunshine,scenario4,
job283_scenario4_546,546,20,8,0,0,west,asphalt,sedan,morning,sunshine,scenario4,
job284_scenario3_547,547,20,9,0,0,east,asphalt,sedan,morning,sunshine,scenario3,
job285_scenario1_548,548,20,1,0,0,south,asphalt,sedan,morning,sunshine,scenario1,
job286_scenario0_550,550,20,1,0,0,west,asphalt,sedan,morning,sunshine,scenario0,
job287_scenario2_554,554,20,4,0,0,west,asphalt,sedan,morning,sunshine,scenario2,
job288_scenario2_557,557,20,5,0,0,north,asphalt,sedan,morning,sunshine,scenario2,
job289_scenario1_558,558,20,7,0,0,west,asphalt,sedan,morning,sunshine,scenario1,
job290_scenario1_560,560,20,3,0,0,north,asphalt,sedan,morning,sunshine,scenario1,
job291_scenario4_561,561,20,2,0,0,west,asphalt,sedan,morning,sunshine,scenario4,
job292_scenario2_562,562,20,9,0,0,east,asphalt,sedan,morning,sunshine,scenario2,
job293_scenario4_563,563,20,1,0,0,north,asphalt,sedan,morning,sunshine,scenario4,
job294_scenario4_564,564,20,8,0,0,north,asphalt,sedan,morning,sunshine,scenario4,
job295_scenario0_566,566,20,9,0,0,west,asphalt,sedan,morning,sunshine,scenario0,
job296_scenario3_567,567,20,7,0,0,east,asphalt,sedan,morning,sunshine,scenario3,
job297_scenario1_569,569,20,7,0,0,south,asphalt,sedan,morning,sunshine,scenario1,
job298_scenario2_571,571,20,2,0,0,north,asphalt,sedan,morning,sunshine,scenario2,
job299_scenario1_573,573,20,2,0,0,east,asphalt,sedan,morning,sunshine,scenario1,
job300_scenario0_574,574,20,6,0,0,west,asphalt,sedan,morning,sunshine,scenario0,
job301_scenario0_576,576,20,6,0,0,south,asphalt,sedan,morning,sunshine,scenario0,
job302_scenario0_578,578,20,1,0,0,east,asphalt,sedan,morning,sunshine,scenario0,
job303_scenario1_579,579,20,3,0,0,south,asphalt,sedan,morning,sunshine,scenario1,
job304_scenario0_582,582,20,10,0,0,west,asphalt,sedan,morning,sunshine,scenario0,
job305_scenario1_583,583,20,10,0,0,south,asphalt,sedan,morning,sunshine,scenario1,
job306_scenario2_584,584,20,10,0,0,east,asphalt,sedan,morning,sunshine,scenario2,
job307_scenario2_585,585,20,3,0,0,east,asphalt,sedan,morning,sunshine,scenario2,
job308_scenario1_586,586,20,4,0,0,east,asphalt,sedan,morning,sunshine,scenario1,
job309_scenario1_590,590,20,6,0,0,north,asphalt,sedan,morning,sunshine,scenario1,
job310_scenario3_591,591,20,6,0,0,south,asphalt,sedan,morning,sunshine,scenario3,
job311_scenario2_593,593,20,3,0,0,north,asphalt,sedan,morning,sunshine,scenario2,
job312_scenario0_595,595,20,5,0,0,west,asphalt,sedan,morning,sunshine,scenario0,
job313_scenario1_596,596,20,6,0,0,west,asphalt,sedan,morning,sunshine,scenario1,
job314_scenario3_598,598,20,4,0,0,west,asphalt,sedan,morning,sunshine,scenario3,
job315_scenario2_600,600,20,3,0,0,south,asphalt,sedan,morning,sunshine,scenario2,
job316_scenario3_601,601,20,2,0,0,north,asphalt,sedan,morning,sunshine,scenario3,
job317_scenario2_602,602,20,8,0,0,east,asphalt,sedan,morning,sunshine,scenario2,
job318_scenario1_604,604,20,2,0,0,east,asphalt,sedan,morning,sunshine,scenario1,
job319_scenario3_605,605,20,9,0,0,north,asphalt,sedan,morning,sunshine,scenario3,
job320_scenario4_609,609,20,2,0,0,east,asphalt,sedan,morning,sunshine,scenario4,
job321_scenario1_614,614,20,7,0,0,east,asphalt,sedan,morning,sunshine,scenario1,
job322_scenario1_615,615,20,9,0,0,south,asphalt,sedan,morning,sunshine,scenario1,
job323_scenario3_617,617,20,6,0,0,north,asphalt,sedan,morning,sunshine,scenario3,
job324_scenario0_619,619,20,10,0,0,west,asphalt,sedan,morning,sunshine,scenario0,
job325_scenario2_621,621,20,6,0,0,south,asphalt,sedan,morning,sunshine,scenario2,
job326_scenario3_622,622,20,5,0,0,east,asphalt,sedan,morning,sunshine,scenario3,
job327_scenario1_623,623,20,5,0,0,west,asphalt,sedan,morning,sunshine,scenario1,
job328_scenario1_625,625,20,2,0,0,east,asphalt,sedan,morning,sunshine,scenario1,
job329_scenario1_627,627,20,3,0,0,west,asphalt,sedan,morning,sunshine,scenario1,
job330_scenario2_630,630,20,7,0,0,west,asphalt,sedan,morning,sunshine,scenario2,
job331_scenario2_631,631,20,7,0,0,west,asphalt,sedan,morning,sunshine,scenario2,
job332_scenario3_632,632,20,2,0,0,west,asphalt,sedan,morning,sunshine,scenario3,
job333_scenario1_633,633,20,9,0,0,west,asphalt,sedan,morning,sunshine,scenario1,
job334_scenario3_635,635,20,3,0,0,south,asphalt,sedan,morning,sunshine,scenario3,
job335_scenario2_636,636,20,1,0,0,south,asphalt,sedan,morning,sunshine,scenario2,
job336_scenario0_637,637,20,8,0,0,east,asphalt,sedan,morning,sunshine,scenario0,
job337_scenario0_638,638,20,1,0,0,west,asphalt,sedan,morning,sunshine,scenario0,
job338_scenario0_639,639,20,2,0,0,south,asphalt,sedan,morning,sunshine,scenario0,
job339_scenario4_642,642,20,9,0,0,north,asphalt,sedan,morning,sunshine,scenario4,
job340_scenario2_645,645,20,3,0,0,west,asphalt,sedan,morning,sunshine,scenario2,
job341_scenario1_646,646,20,4,0,0,west,asphalt,sedan,morning,sunshine,scenario1,
job342_scenario0_650,650,20,7,0,0,north,asphalt,sedan,morning,sunshine,scenario0,
job343_scenario1_651,651,20,9,0,0,west,asphalt,sedan,morning,sunshine,scenario1,
job344_scenario1_653,653,20,2,0,0,east,asphalt,sedan,morning,sunshine,scenario1,
job345_scenario3_654,654,20,6,0,0,west,asphalt,sedan,morning,sunshine,scenario3,
job346_scenario1_655,655,20,6,0,0,west,asphalt,sedan,morning,sunshine,scenario1,
job347_scenario1_658,658,20,3,0,0,south,asphalt,sedan,morning,sunshine,scenario1,
job348_scenario3_659,659,20,3,0,0,south,asphalt,sedan,morning,sunshine,scenario3,
job349_scenario2_660,660,20,4,0,0,south,asphalt,sedan,morning,sunshine,scenario2,
job350_scenario3_661,661,20,5,0,0,south,asphalt,sedan,morning,sunshine,scenario3,
job351_scenario0_663,663,20,8,0,0,north,asphalt,sedan,morning,sunshine,scenario0,
job352_scenario1_664,664,20,9,0,0,east,asphalt,sedan,morning,sunshine,scenario1,
job353_scenario2_665,665,20,2,0,0,south,asphalt,sedan,morning,sunshine,scenario2,
job354_scenario1_666,666,20,1,0,0,north,asphalt,sedan,morning,sunshine,scenario1,
job355_scenario1_668,668,20,4,0,0,west,asphalt,sedan,morning,sunshine,scenario1,
job356_scenario0_674,674,20,3,0,0,east,asphalt,sedan,morning,sunshine,scenario0,
job357_scenario0_677,677,20,3,0,0,north,asphalt,sedan,morning,sunshine,scenario0,
job358_scenario2_679,679,20,4,0,0,west,asphalt,sedan,morning,sunshine,scenario2,
job359_scenario3_680,680,20,3,0,0,east,asphalt,sedan,morning,sunshine,scenario3,
job360_scenario0_681,681,20,2,0,0,south,asphalt,sedan,morning,sunshine,scenario0,
job361_scenario1_682,682,20,3,0,0,east,asphalt,sedan,morning,sunshine,scenario1,
job362_scenario0_683,683,20,5,0,0,west,asphalt,sedan,morning,sunshine,scenario0,
job363_scenario3_689,689,20,4,0,0,south,asphalt,sedan,morning,sunshine,scenario3,
job364_scenario0_690,690,20,7,0,0,south,asphalt,sedan,morning,sunshine,scenario0,
job365_scenario1_692,692,20,6,0,0,west,asphalt,sedan,morning,sunshine,scenario1,
job366_scenario3_693,693,20,8,0,0,west,asphalt,sedan,morning,sunshine,scenario3,
job367_scenario2_695,695,20,1,0,0,east,asphalt,sedan,morning,sunshine,scenario2,
job368_scenario2_696,696,20,4,0,0,south,asphalt,sedan,morning,sunshine,scenario2,
job369_scenario0_699,699,20,5,0,0,east,asphalt,sedan,morning,sunshine,scenario0,
job370_scenario1_706,706,20,8,0,0,west,asphalt,sedan,morning,sunshine,scenario1,
job371_scenario0_708,708,20,3,0,0,south,asphalt,sedan,morning,sunshine,scenario0,
job372_scenario2_710,710,20,2,0,0,east,asphalt,sedan,morning,sunshine,scenario2,
job373_scenario1_711,711,20,7,0,0,west,asphalt,sedan,morning,sunshine,scenario1,
job374_scenario2_712,712,20,2,0,0,south,asphalt,sedan,morning,sunshine,scenario2,
job375_scenario1_714,714,20,5,0,0,east,asphalt,sedan,morning,sunshine,scenario1,
job376_scenario3_716,716,20,7,0,0,north,asphalt,sedan,morning,sunshine,scenario3,
job377_scenario4_717,717,20,8,0,0,south,asphalt,sedan,morning,sunshine,scenario4,
job378_scenario0_719,719,20,10,0,0,south,asphalt,sedan,morning,sunshine,scenario0,
job379_scenario2_725,725,20,9,0,0,west,asphalt,sedan,morning,sunshine,scenario2,
job380_scenario1_727,727,20,8,0,0,north,asphalt,sedan,morning,sunshine,scenario1,
job381_scenario2_728,728,20,5,0,0,west,asphalt,sedan,morning,sunshine,scenario2,
job382_scenario0_733,733,20,8,0,0,east,asphalt,sedan,morning,sunshine,scenario0,
job383_scenario0_736,736,20,9,0,0,south,asphalt,sedan,morning,sunshine,scenario0,
job384_scenario2_740,740,20,2,0,0,west,asphalt,sedan,morning,sunshine,scenario2,
job385_scenario2_743,743,20,4,0,0,north,asphalt,sedan,morning,sunshine,scenario2,
job386_scenario2_746,746,20,2,0,0,west,asphalt,sedan,morning,sunshine,scenario2,
job387_scenario3_748,748,20,3,0,0,north,asphalt,sedan,morning,sunshine,scenario3,
job388_scenario2_751,751,20,6,0,0,east,asphalt,sedan,morning,sunshine,scenario2,
job389_scenario0_752,752,20,5,0,0,north,asphalt,sedan,morning,sunshine,scenario0,
job390_scenario4_753,753,20,4,0,0,north,asphalt,sedan,morning,sunshine,scenario4,
job391_scenario3_754,754,20,8,0,0,north,asphalt,sedan,morning,sunshine,scenario3,
job392_scenario4_755,755,20,2,0,0,east,asphalt,sedan,morning,sunshine,scenario4,
job393_scenario0_763,763,20,6,0,0,east,asphalt,sedan,morning,sunshine,scenario0,
job394_scenario4_764,764,20,10,0,0,west,asphalt,sedan,morning,sunshine,scenario4,
job395_scenario4_765,765,20,5,0,0,north,asphalt,sedan,morning,sunshine,scenario4,
job396_scenario1_767,767,20,9,0,0,south,asphalt,sedan,morning,sunshine,scenario1,
job397_scenario1_777,777,20,5,0,0,east,asphalt,sedan,morning,sunshine,scenario1,
job398_scenario1_779,779,20,8,0,0,south,asphalt,sedan,morning,sunshine,scenario1,
job399_scenario1_780,780,20,4,0,0,west,asphalt,sedan,morning,sunshine,scenario1,
job400_scenario2_781,781,20,3,0,0,south,asphalt,sedan,morning,sunshine,scenario2,
job401_scenario1_783,783,20,7,0,0,west,asphalt,sedan,morning,sunshine,scenario1,
job402_scenario1_784,784,20,7,0,0,east,asphalt,sedan,morning,sunshine,scenario1,
job403_scenario2_787,787,20,9,0,0,west,asphalt,sedan,morning,sunshine,scenario2,
job404_scenario2_788,788,20,7,0,0,east,asphalt,sedan,morning,sunshine,scenario2,
job405_scenario2_789,789,20,7,0,0,north,asphalt,sedan,morning,sunshine,scenario2,
job406_scenario3_790,790,20,4,0,0,south,asphalt,sedan,morning,sunshine,scenario3,
job407_scenario3_795,795,20,4,0,0,east,asphalt,sedan,morning,sunshine,scenario3,
job408_scenario2_796,796,20,6,0,0,west,asphalt,sedan,morning,sunshine,scenario2,
job409_scenario2_798,798,20,9,0,0,west,asphalt,sedan,morning,sunshine,scenario2,
job410_scenario2_800,800,20,6,0,0,west,asphalt,sedan,morning,sunshine,scenario2,
job411_scenario1_801,801,20,8,0,0,west,asphalt,sedan,morning,sunshine,scenario1,
job412_scenario3_803,803,20,4,0,0,west,asphalt,sedan,morning,sunshine,scenario3,
job413_scenario1_804,804,20,1,0,0,west,asphalt,sedan,morning,sunshine,scenario1,
job414_scenario2_805,805,20,8,0,0,east,asphalt,sedan,morning,sunshine,scenario2,
job415_scenario1_807,807,20,1,0,0,north,asphalt,sedan,morning,sunshine,scenario1,
job416_scenario4_811,811,20,4,0,0,north,asphalt,sedan,morning,sunshine,scenario4,
job417_scenario0_815,815,20,8,0,0,north,asphalt,sedan,morning,sunshine,scenario0,
job418_scenario2_816,816,20,3,0,0,west,asphalt,sedan,morning,sunshine,scenario2,
job419_scenario2_817,817,20,7,0,0,east,asphalt,sedan,morning,sunshine,scenario2,
job420_scenario0_820,820,20,10,0,0,west,asphalt,sedan,morning,sunshine,scenario0,
job421_scenario1_828,828,20,3,0,0,north,asphalt,sedan,morning,sunshine,scenario1,
job422_scenario0_831,831,20,5,0,0,west,asphalt,sedan,morning,sunshine,scenario0,
job423_scenario4_832,832,20,7,0,0,east,asphalt,sedan,morning,sunshine,scenario4,
job424_scenario0_837,837,20,6,0,0,north,asphalt,sedan,morning,sunshine,scenario0,
job425_scenario3_839,839,20,1,0,0,south,asphalt,sedan,morning,sunshine,scenario3,
job426_scenario3_841,841,20,1,0,0,west,asphalt,sedan,morning,sunshine,scenario3,
job427_scenario0_846,846,20,8,0,0,east,asphalt,sedan,morning,sunshine,scenario0,
job428_scenario3_849,849,20,8,0,0,north,asphalt,sedan,morning,sunshine,scenario3,
job429_scenario2_858,858,20,10,0,0,north,asphalt,sedan,morning,sunshine,scenario2,
job430_scenario1_859,859,20,4,0,0,west,asphalt,sedan,morning,sunshine,scenario1,
job431_scenario2_860,860,20,4,0,0,south,asphalt,sedan,morning,sunshine,scenario2,
job432_scenario2_861,861,20,4,0,0,east,asphalt,sedan,morning,sunshine,scenario2,
job433_scenario0_865,865,20,4,0,0,east,asphalt,sedan,morning,sunshine,scenario0,
job434_scenario0_868,868,20,2,0,0,south,asphalt,sedan,morning,sunshine,scenario0,
job435_scenario2_869,869,20,3,0,0,south,asphalt,sedan,morning,sunshine,scenario2,
job436_scenario2_872,872,20,1,0,0,north,asphalt,sedan,morning,sunshine,scenario2,
job437_scenario1_873,873,20,7,0,0,north,asphalt,sedan,morning,sunshine,scenario1,
job438_scenario1_876,876,20,3,0,0,south,asphalt,sedan,morning,sunshine,scenario1,
job439_scenario1_878,878,20,7,0,0,south,asphalt,sedan,morning,sunshine,scenario1,
job440_scenario2_880,880,20,9,0,0,south,asphalt,sedan,morning,sunshine,scenario2,
job441_scenario3_881,881,20,8,0,0,north,asphalt,sedan,morning,sunshine,scenario3,
job442_scenario3_882,882,20,5,0,0,east,asphalt,sedan,morning,sunshine,scenario3,
job443_scenario0_887,887,20,5,0,0,north,asphalt,sedan,morning,sunshine,scenario0,
job444_scenario1_890,890,20,6,0,0,west,asphalt,sedan,morning,sunshine,scenario1,
job445_scenario0_893,893,20,10,0,0,west,asphalt,sedan,morning,sunshine,scenario0,
job446_scenario0_895,895,20,7,0,0,south,asphalt,sedan,morning,sunshine,scenario0,
job447_scenario3_896,896,20,10,0,0,east,asphalt,sedan,morning,sunshine,scenario3,
job448_scenario0_898,898,20,5,0,0,south,asphalt,sedan,morning,sunshine,scenario0,
job449_scenario0_901,901,20,4,0,0,east,asphalt,sedan,morning,sunshine,scenario0,
job450_scenario2_903,903,20,2,0,0,west,asphalt,sedan,morning,sunshine,scenario2,
job451_scenario2_904,904,20,5,0,0,south,asphalt,sedan,morning,sunshine,scenario2,
job452_scenario1_905,905,20,2,0,0,north,asphalt,sedan,morning,sunshine,scenario1,
job453_scenario2_907,907,20,6,0,0,east,asphalt,sedan,morning,sunshine,scenario2,
job454_scenario0_908,908,20,4,0,0,west,asphalt,sedan,morning,sunshine,scenario0,
job455_scenario1_909,909,20,8,0,0,south,asphalt,sedan,morning,sunshine,scenario1,
job456_scenario2_910,910,20,1,0,0,north,asphalt,sedan,morning,sunshine,scenario2,
job457_scenario4_912,912,20,6,0,0,south,asphalt,sedan,morning,sunshine,scenario4,
job458_scenario0_917,917,20,7,0,0,west,asphalt,sedan,morning,sunshine,scenario0,
job459_scenario4_918,918,20,1,0,0,west,asphalt,sedan,morning,sunshine,scenario4,
job460_scenario1_919,919,20,8,0,0,west,asphalt,sedan,morning,sunshine,scenario1,
job461_scenario0_920,920,20,3,0,0,west,asphalt,sedan,morning,sunshine,scenario0,
job462_scenario2_923,923,20,3,0,0,west,asphalt,sedan,morning,sunshine,scenario2,
job463_scenario2_934,934,20,7,0,0,south,asphalt,sedan,morning,sunshine,scenario2,
job464_scenario2_935,935,20,4,0,0,east,asphalt,sedan,morning,sunshine,scenario2,
job465_scenario0_936,936,20,5,0,0,south,asphalt,sedan,morning,sunshine,scenario0,
job466_scenario1_938,938,20,9,0,0,north,asphalt,sedan,morning,sunshine,scenario1,
job467_scenario1_940,940,20,6,0,0,east,asphalt,sedan,morning,sunshine,scenario1,
job468_scenario3_943,943,20,9,0,0,south,asphalt,sedan,morning,sunshine,scenario3,
job469_scenario0_947,947,20,1,0,0,south,asphalt,sedan,morning,sunshine,scenario0,
job470_scenario3_948,948,20,10,0,0,south,asphalt,sedan,morning,sunshine,scenario3,
job471_scenario2_955,955,20,9,0,0,east,asphalt,sedan,morning,sunshine,scenario2,
job472_scenario1_959,959,20,10,0,0,west,asphalt,sedan,morning,sunshine,scenario1,
job473_scenario3_960,960,20,9,0,0,west,asphalt,sedan,morning,sunshine,scenario3,
job474_scenario1_961,961,20,3,0,0,west,asphalt,sedan,morning,sunshine,scenario1,
job475_scenario2_966,966,20,5,0,0,north,asphalt,sedan,morning,sunshine,scenario2,
job476_scenario0_967,967,20,4,0,0,west,asphalt,sedan,morning,sunshine,scenario0,
job477_scenario3_968,968,20,2,0,0,north,asphalt,sedan,morning,sunshine,scenario3,
job478_scenario1_971,971,20,10,0,0,east,asphalt,sedan,morning,sunshine,scenario1,
job479_scenario2_974,974,20,2,0,0,south,asphalt,sedan,morning,sunshine,scenario2,
job480_scenario4_975,975,20,3,0,0,south,asphalt,sedan,morning,sunshine,scenario4,
job481_scenario2_977,977,20,1,0,0,south,asphalt,sedan,morning,sunshine,scenario2,
job482_scenario1_987,987,20,4,0,0,south,asphalt,sedan,morning,sunshine,scenario1,
job483_scenario0_989,989,20,4,0,0,south,asphalt,sedan,morning,sunshine,scenario0,
job484_scenario1_993,993,20,3,0,0,north,asphalt,sedan,morning,sunshine,scenario1,
job485_scenario2_994,994,20,1,0,0,north,asphalt,sedan,morning,sunshine,scenario2,
job486_scenario0_995,995,20,6,0,0,west,asphalt,sedan,morning,sunshine,scenario0,
job487_scenario1_996,996,20,10,0,0,west,asphalt,sedan,morning,sunshine,scenario1,
job488_scenario3_1000,1000,20,5,0,0,east,asphalt,sedan,morning,sunshine,scenario3,
job489_scenario3_1001,1001,20,1,0,0,south,asphalt,sedan,morning,sunshine,scenario3,
job490_scenario0_1003,1003,20,6,0,0,south,asphalt,sedan,morning,sunshine,scenario0,
job491_scenario3_1005,1005,20,10,0,0,east,asphalt,sedan,morning,sunshine,scenario3,
job492_scenario2_1006,1006,20,8,0,0,north,asphalt,sedan,morning,sunshine,scenario2,
job493_scenario3_1007,1007,20,7,0,0,east,asphalt,sedan,morning,sunshine,scenario3,
job494_scenario1_1008,1008,20,5,0,0,north,asphalt,sedan,morning,sunshine,scenario1,
job495_scenario0_1011,1011,20,10,0,0,east,asphalt,sedan,morning,sunshine,scenario0,
job496_scenario2_1013,1013,20,4,0,0,south,asphalt,sedan,morning,sunshine,scenario2,
job497_scenario2_1014,1014,20,6,0,0,west,asphalt,sedan,morning,sunshine,scenario2,
job498_scenario0_1016,1016,20,9,0,0,south,asphalt,sedan,morning,sunshine,scenario0,
job499_scenario2_1017,1017,20,1,0,0,east,asphalt,sedan,morning,sunshine,scenario2,
job500_scenario0_1019,1019,20,1,0,0,south,asphalt,sedan,morning,sunshine,scenario0,
job501_scenario3_1020,1020,20,5,0,0,east,asphalt,sedan,morning,sunshine,scenario3,
job502_scenario1_1022,1022,20,4,0,0,north,asphalt,sedan,morning,sunshine,scenario1,
job503_scenario2_1024,1024,20,3,0,0,north,asphalt,sedan,morning,sunshine,scenario2,
job504_scenario3_1025,1025,20,3,0,0,west,asphalt,sedan,morning,sunshine,scenario3,
job505_scenario2_1029,1029,20,4,0,0,south,asphalt,sedan,morning,sunshine,scenario2,
job506_scenario4_1031,1031,20,4,0,0,south,asphalt,sedan,morning,sunshine,scenario4,
job507_scenario4_1032,1032,20,5,0,0,east,asphalt,sedan,morning,sunshine,scenario4,
job508_scenario1_1035,1035,20,2,0,0,east,asphalt,sedan,morning,sunshine,scenario1,
job509_scenario0_1039,1039,20,10,0,0,south,asphalt,sedan,morning,sunshine,scenario0,
job510_scenario0_1040,1040,20,5,0,0,south,asphalt,sedan,morning,sunshine,scenario0,
job511_scenario3_1041,1041,20,10,0,0,west,asphalt,sedan,morning,sunshine,scenario3,
job512_scenario4_1043,1043,20,5,0,0,north,asphalt,sedan,morning,sunshine,scenario4,
job513_scenario0_1045,1045,20,10,0,0,west,asphalt,sedan,morning,sunshine,scenario0,
job514_scenario1_1047,1047,20,9,0,0,west,asphalt,sedan,morning,sunshine,scenario1,
job515_scenario1_1049,1049,20,7,0,0,south,asphalt,sedan,morning,sunshine,scenario1,
job516_scenario1_1054,1054,20,4,0,0,east,asphalt,sedan,morning,sunshine,scenario1,
job517_scenario1_1059,1059,20,1,0,0,north,asphalt,sedan,morning,sunshine,scenario1,
job518_scenario0_1061,1061,20,8,0,0,west,asphalt,sedan,morning,sunshine,scenario0,
job519_scenario4_1062,1062,20,4,0,0,north,asphalt,sedan,morning,sunshine,scenario4,
job520_scenario3_1066,1066,20,4,0,0,west,asphalt,sedan,morning,sunshine,scenario3,
job521_scenario1_1067,1067,20,8,0,0,east,asphalt,sedan,morning,sunshine,scenario1,
job522_scenario2_1072,1072,20,6,0,0,south,asphalt,sedan,morning,sunshine,scenario2,
job523_scenario0_1073,1073,20,1,0,0,north,asphalt,sedan,morning,sunshine,scenario0,
job524_scenario4_1074,1074,20,6,0,0,north,asphalt,sedan,morning,sunshine,scenario4,
job525_scenario3_1076,1076,20,4,0,0,south,asphalt,sedan,morning,sunshine,scenario3,
job526_scenario0_1078,1078,20,10,0,0,east,asphalt,sedan,morning,sunshine,scenario0,
job527_scenario3_1079,1079,20,8,0,0,west,asphalt,sedan,morning,sunshine,scenario3,
job528_scenario2_1082,1082,20,8,0,0,east,asphalt,sedan,morning,sunshine,scenario2,
job529_scenario1_1087,1087,20,9,0,0,north,asphalt,sedan,morning,sunshine,scenario1,
job530_scenario3_1089,1089,20,1,0,0,south,asphalt,sedan,morning,sunshine,scenario3,
job531_scenario3_1092,1092,20,10,0,0,east,asphalt,sedan,morning,sunshine,scenario3,
job532_scenario2_1093,1093,20,4,0,0,north,asphalt,sedan,morning,sunshine,scenario2,
job533_scenario4_1094,1094,20,8,0,0,west,asphalt,sedan,morning,sunshine,scenario4,
job534_scenario2_1096,1096,20,3,0,0,west,asphalt,sedan,morning,sunshine,scenario2,
job535_scenario0_1098,1098,20,9,0,0,south,asphalt,sedan,morning,sunshine,scenario0,
job536_scenario0_1101,1101,20,7,0,0,east,asphalt,sedan,morning,sunshine,scenario0,
job537_scenario3_1104,1104,20,8,0,0,west,asphalt,sedan,morning,sunshine,scenario3,
job538_scenario0_1105,1105,20,2,0,0,west,asphalt,sedan,morning,sunshine,scenario0,
job539_scenario4_1107,1107,20,5,0,0,east,asphalt,sedan,morning,sunshine,scenario4,
job540_scenario0_1109,1109,20,7,0,0,north,asphalt,sedan,morning,sunshine,scenario0,
job541_scenario0_1110,1110,20,9,0,0,north,asphalt,sedan,morning,sunshine,scenario0,
job542_scenario2_1112,1112,20,7,0,0,south,asphalt,sedan,morning,sunshine,scenario2,
job543_scenario2_1113,1113,20,8,0,0,north,asphalt,sedan,morning,sunshine,scenario2,
job544_scenario2_1114,1114,20,1,0,0,south,asphalt,sedan,morning,sunshine,scenario2,
job545_scenario1_1117,1117,20,6,0,0,north,asphalt,sedan,morning,sunshine,scenario1,
job546_scenario2_1119,1119,20,10,0,0,south,asphalt,sedan,morning,sunshine,scenario2,
job547_scenario0_1120,1120,20,1,0,0,east,asphalt,sedan,morning,sunshine,scenario0,
job548_scenario2_1121,1121,20,10,0,0,south,asphalt,sedan,morning,sunshine,scenario2,
job549_scenario2_1129,1129,20,1,0,0,east,asphalt,sedan,morning,sunshine,scenario2,
job550_scenario1_1131,1131,20,7,0,0,north,asphalt,sedan,morning,sunshine,scenario1,
job551_scenario1_1134,1134,20,5,0,0,north,asphalt,sedan,morning,sunshine,scenario1,
job552_scenario1_1136,1136,20,9,0,0,east,asphalt,sedan,morning,sunshine,scenario1,
job553_scenario1_1137,1137,20,4,0,0,south,asphalt,sedan,morning,sunshine,scenario1,
job554_scenario2_1138,1138,20,10,0,0,east,asphalt,sedan,morning,sunshine,scenario2,
job555_scenario2_1139,1139,20,8,0,0,west,asphalt,sedan,morning,sunshine,scenario2,
job556_scenario4_1150,1150,20,4,0,0,west,asphalt,sedan,morning,sunshine,scenario4,
job557_scenario1_1151,1151,20,5,0,0,west,asphalt,sedan,morning,sunshine,scenario1,
job558_scenario0_1152,1152,20,1,0,0,east,asphalt,sedan,morning,sunshine,scenario0,
job559_scenario0_1158,1158,20,7,0,0,east,asphalt,sedan,morning,sunshine,scenario0,
job560_scenario4_1163,1163,20,10,0,0,east,asphalt,sedan,morning,sunshine,scenario4,
job561_scenario4_1170,1170,20,9,0,0,south,asphalt,sedan,morning,sunshine,scenario4,
job562_scenario3_1171,1171,20,1,0,0,south,asphalt,sedan,morning,sunshine,scenario3,
job563_scenario1_1172,1172,20,3,0,0,west,asphalt,sedan,morning,sunshine,scenario1,
job564_scenario4_1173,1173,20,5,0,0,north,asphalt,sedan,morning,sunshine,scenario4,
job565_scenario2_1174,1174,20,4,0,0,west,asphalt,sedan,morning,sunshine,scenario2,
job566_scenario3_1176,1176,20,9,0,0,west,asphalt,sedan,morning,sunshine,scenario3,
job567_scenario2_1179,1179,20,2,0,0,north,asphalt,sedan,morning,sunshine,scenario2,
job568_scenario3_1187,1187,20,4,0,0,north,asphalt,sedan,morning,sunshine,scenario3,
job569_scenario2_1188,1188,20,2,0,0,east,asphalt,sedan,morning,sunshine,scenario2,
job570_scenario0_1189,1189,20,7,0,0,west,asphalt,sedan,morning,sunshine,scenario0,
job571_scenario4_1190,1190,20,9,0,0,north,asphalt,sedan,morning,sunshine,scenario4,
job572_scenario4_1192,1192,20,4,0,0,west,asphalt,sedan,morning,sunshine,scenario4,
job573_scenario0_1196,1196,20,2,0,0,west,asphalt,sedan,morning,sunshine,scenario0,
job574_scenario1_1198,1198,20,6,0,0,south,asphalt,sedan,morning,sunshine,scenario1,
job575_scenario3_1199,1199,20,8,0,0,north,asphalt,sedan,morning,sunshine,scenario3,
job576_scenario1_1200,1200,20,7,0,0,east,asphalt,sedan,morning,sunshine,scenario1,
job577_scenario1_1201,1201,20,2,0,0,east,asphalt,sedan,morning,sunshine,scenario1,
job578_scenario0_1204,1204,20,2,0,0,east,asphalt,sedan,morning,sunshine,scenario0,
job579_scenario0_1206,1206,20,5,0,0,west,asphalt,sedan,morning,sunshine,scenario0,
job580_scenario2_1207,1207,20,6,0,0,south,asphalt,sedan,morning,sunshine,scenario2,
job581_scenario2_1210,1210,20,7,0,0,north,asphalt,sedan,morning,sunshine,scenario2,
job582_scenario2_1212,1212,20,5,0,0,east,asphalt,sedan,morning,sunshine,scenario2,
job583_scenario3_1213,1213,20,4,0,0,east,asphalt,sedan,morning,sunshine,scenario3,
job584_scenario1_1214,1214,20,2,0,0,east,asphalt,sedan,morning,sunshine,scenario1,
job585_scenario2_1218,1218,20,1,0,0,south,asphalt,sedan,morning,sunshine,scenario2,
job586_scenario0_1220,1220,20,2,0,0,west,asphalt,sedan,morning,sunshine,scenario0,
job587_scenario3_1223,1223,20,3,0,0,south,asphalt,sedan,morning,sunshine,scenario3,
job588_scenario1_1224,1224,20,5,0,0,north,asphalt,sedan,morning,sunshine,scenario1,
job589_scenario0_1225,1225,20,9,0,0,north,asphalt,sedan,morning,sunshine,scenario0,
job590_scenario3_1230,1230,20,2,0,0,east,asphalt,sedan,morning,sunshine,scenario3,
job591_scenario0_1231,1231,20,7,0,0,east,asphalt,sedan,morning,sunshine,scenario0,
job592_scenario0_1233,1233,20,7,0,0,south,asphalt,sedan,morning,sunshine,scenario0,
job593_scenario1_1234,1234,20,4,0,0,west,asphalt,sedan,morning,sunshine,scenario1,
job594_scenario1_1235,1235,20,4,0,0,east,asphalt,sedan,morning,sunshine,scenario1,
job595_scenario4_1238,1238,20,10,0,0,west,asphalt,sedan,morning,sunshine,scenario4,
job596_scenario4_1241,1241,20,5,0,0,west,asphalt,sedan,morning,sunshine,scenario4,
job597_scenario3_1243,1243,20,6,0,0,south,asphalt,sedan,morning,sunshine,scenario3,
job598_scenario1_1247,1247,20,8,0,0,north,asphalt,sedan,morning,sunshine,scenario1,
job599_scenario2_1248,1248,20,5,0,0,north,asphalt,sedan,morning,sunshine,scenario2,
job600_scenario4_1249,1249,20,4,0,0,east,asphalt,sedan,morning,sunshine,scenario4,
job601_scenario1_1250,1250,20,6,0,0,south,asphalt,sedan,morning,sunshine,scenario1,
job602_scenario3_1251,1251,20,9,0,0,west,asphalt,sedan,morning,sunshine,scenario3,
job603_scenario2_1253,1253,20,3,0,0,south,asphalt,sedan,morning,sunshine,scenario2,
job604_scenario2_1255,1255,20,2,0,0,east,asphalt,sedan,morning,sunshine,scenario2,
job605_scenario2_1256,1256,20,2,0,0,west,asphalt,sedan,morning,sunshine,scenario2,
job606_scenario2_1257,1257,20,4,0,0,north,asphalt,sedan,morning,sunshine,scenario2,
job607_scenario3_1258,1258,20,7,0,0,east,asphalt,sedan,morning,sunshine,scenario3,
job608_scenario3_1259,1259,20,8,0,0,south,asphalt,sedan,morning,sunshine,scenario3,
job609_scenario4_1260,1260,20,8,0,0,south,asphalt,sedan,morning,sunshine,scenario4,
job610_scenario0_1262,1262,20,5,0,0,north,asphalt,sedan,morning,sunshine,scenario0,
job611_scenario2_1265,1265,20,1,0,0,east,asphalt,sedan,morning,sunshine,scenario2,
job612_scenario2_1268,1268,20,2,0,0,south,asphalt,sedan,morning,sunshine,scenario2,
job613_scenario2_1271,1271,20,9,0,0,west,asphalt,sedan,morning,sunshine,scenario2,
job614_scenario2_1274,1274,20,10,0,0,north,asphalt,sedan,morning,sunshine,scenario2,
job615_scenario2_1275,1275,20,1,0,0,south,asphalt,sedan,morning,sunshine,scenario2,
job616_scenario2_1276,1276,20,2,0,0,south,asphalt,sedan,morning,sunshine,scenario2,
job617_scenario3_1278,1278,20,3,0,0,north,asphalt,sedan,morning,sunshine,scenario3,
job618_scenario3_1279,1279,20,7,0,0,west,asphalt,sedan,morning,sunshine,scenario3,
job619_scenario1_1281,1281,20,8,0,0,west,asphalt,sedan,morning,sunshine,scenario1,
job620_scenario2_1283,1283,20,4,0,0,east,asphalt,sedan,morning,sunshine,scenario2,
job621_scenario1_1284,1284,20,6,0,0,south,asphalt,sedan,morning,sunshine,scenario1,
job622_scenario1_1285,1285,20,8,0,0,west,asphalt,sedan,morning,sunshine,scenario1,
job623_scenario3_1287,1287,20,9,0,0,east,asphalt,sedan,morning,sunshine,scenario3,
job624_scenario1_1288,1288,20,1,0,0,south,asphalt,sedan,morning,sunshine,scenario1,
job625_scenario2_1289,1289,20,3,0,0,west,asphalt,sedan,morning,sunshine,scenario2,
job626_scenario1_1290,1290,20,8,0,0,east,asphalt,sedan,morning,sunshine,scenario1,
job627_scenario1_1291,1291,20,2,0,0,north,asphalt,sedan,morning,sunshine,scenario1,
job628_scenario1_1292,1292,20,6,0,0,south,asphalt,sedan,morning,sunshine,scenario1,
job629_scenario4_1293,1293,20,5,0,0,east,asphalt,sedan,morning,sunshine,scenario4,
job630_scenario0_1294,1294,20,1,0,0,south,asphalt,sedan,morning,sunshine,scenario0,
job631_scenario0_1295,1295,20,5,0,0,north,asphalt,sedan,morning,sunshine,scenario0,
job632_scenario1_1305,1305,20,10,0,0,north,asphalt,sedan,morning,sunshine,scenario1,
job633_scenario3_1307,1307,20,3,0,0,east,asphalt,sedan,morning,sunshine,scenario3,
job634_scenario0_1311,1311,20,4,0,0,north,asphalt,sedan,morning,sunshine,scenario0,
job635_scenario0_1313,1313,20,3,0,0,west,asphalt,sedan,morning,sunshine,scenario0,
job636_scenario3_1314,1314,20,7,0,0,east,asphalt,sedan,morning,sunshine,scenario3,
job637_scenario1_1321,1321,20,3,0,0,north,asphalt,sedan,morning,sunshine,scenario1,
job638_scenario1_1326,1326,20,1,0,0,north,asphalt,sedan,morning,sunshine,scenario1,
job639_scenario1_1327,1327,20,4,0,0,east,asphalt,sedan,morning,sunshine,scenario1,
job640_scenario0_1328,1328,20,1,0,0,west,asphalt,sedan,morning,sunshine,scenario0,
job641_scenario4_1329,1329,20,4,0,0,east,asphalt,sedan,morning,sunshine,scenario4,
job642_scenario3_1333,1333,20,1,0,0,south,asphalt,sedan,morning,sunshine,scenario3,
job643_scenario4_1336,1336,20,2,0,0,east,asphalt,sedan,morning,sunshine,scenario4,
job644_scenario0_1338,1338,20,8,0,0,north,asphalt,sedan,morning,sunshine,scenario0,
job645_scenario0_1343,1343,20,8,0,0,west,asphalt,sedan,morning,sunshine,scenario0,
job646_scenario3_1344,1344,20,9,0,0,east,asphalt,sedan,morning,sunshine,scenario3,
job647_scenario0_1350,1350,20,2,0,0,west,asphalt,sedan,morning,sunshine,scenario0,
job648_scenario1_1352,1352,20,9,0,0,east,asphalt,sedan,morning,sunshine,scenario1,
job649_scenario4_1356,1356,20,6,0,0,north,asphalt,sedan,morning,sunshine,scenario4,
job650_scenario0_1359,1359,20,5,0,0,west,asphalt,sedan,morning,sunshine,scenario0,
job651_scenario1_1360,1360,20,1,0,0,west,asphalt,sedan,morning,sunshine,scenario1,
job652_scenario1_1361,1361,20,3,0,0,south,asphalt,sedan,morning,sunshine,scenario1,
job653_scenario3_1362,1362,20,6,0,0,south,asphalt,sedan,morning,sunshine,scenario3,
job654_scenario1_1365,1365,20,5,0,0,south,asphalt,sedan,morning,sunshine,scenario1,
job655_scenario2_1366,1366,20,1,0,0,south,asphalt,sedan,morning,sunshine,scenario2,
job656_scenario0_1375,1375,20,5,0,0,east,asphalt,sedan,morning,sunshine,scenario0,
job657_scenario2_1380,1380,20,7,0,0,east,asphalt,sedan,morning,sunshine,scenario2,
job658_scenario1_1381,1381,20,6,0,0,north,asphalt,sedan,morning,sunshine,scenario1,
job659_scenario2_1383,1383,20,4,0,0,east,asphalt,sedan,morning,sunshine,scenario2,
job660_scenario2_1384,1384,20,10,0,0,south,asphalt,sedan,morning,sunshine,scenario2,
job661_scenario2_1386,1386,20,3,0,0,south,asphalt,sedan,morning,sunshine,scenario2,
job662_scenario1_1389,1389,20,9,0,0,west,asphalt,sedan,morning,sunshine,scenario1,
job663_scenario0_1392,1392,20,5,0,0,west,asphalt,sedan,morning,sunshine,scenario0,
job664_scenario3_1393,1393,20,6,0,0,west,asphalt,sedan,morning,sunshine,scenario3,
job665_scenario0_1394,1394,20,10,0,0,south,asphalt,sedan,morning,sunshine,scenario0,
job666_scenario2_1395,1395,20,10,0,0,east,asphalt,sedan,morning,sunshine,scenario2,
job667_scenario4_1401,1401,20,9,0,0,south,asphalt,sedan,morning,sunshine,scenario4,
job668_scenario2_1404,1404,20,6,0,0,south,asphalt,sedan,morning,sunshine,scenario2,
job669_scenario1_1405,1405,20,6,0,0,west,asphalt,sedan,morning,sunshine,scenario1,
job670_scenario0_1407,1407,20,5,0,0,north,asphalt,sedan,morning,sunshine,scenario0,
job671_scenario1_1409,1409,20,7,0,0,west,asphalt,sedan,morning,sunshine,scenario1,
job672_scenario2_1410,1410,20,4,0,0,west,asphalt,sedan,morning,sunshine,scenario2,
job673_scenario3_1414,1414,20,10,0,0,north,asphalt,sedan,morning,sunshine,scenario3,
job674_scenario2_1416,1416,20,7,0,0,north,asphalt,sedan,morning,sunshine,scenario2,
job675_scenario3_1424,1424,20,5,0,0,west,asphalt,sedan,morning,sunshine,scenario3,
job676_scenario2_1430,1430,20,3,0,0,east,asphalt,sedan,morning,sunshine,scenario2,
job677_scenario3_1433,1433,20,3,0,0,west,asphalt,sedan,morning,sunshine,scenario3,
job678_scenario0_1439,1439,20,6,0,0,west,asphalt,sedan,morning,sunshine,scenario0,
job679_scenario0_1441,1441,20,5,0,0,south,asphalt,sedan,morning,sunshine,scenario0,
job680_scenario1_1444,1444,20,3,0,0,west,asphalt,sedan,morning,sunshine,scenario1,
job681_scenario0_1445,1445,20,2,0,0,north,asphalt,sedan,morning,sunshine,scenario0,
job682_scenario3_1446,1446,20,4,0,0,west,asphalt,sedan,morning,sunshine,scenario3,
job683_scenario2_1463,1463,20,9,0,0,south,asphalt,sedan,morning,sunshine,scenario2,
job684_scenario1_1467,1467,20,5,0,0,west,asphalt,sedan,morning,sunshine,scenario1,
job685_scenario2_1474,1474,20,8,0,0,west,asphalt,sedan,morning,sunshine,scenario2,
job686_scenario2_1476,1476,20,6,0,0,north,asphalt,sedan,morning,sunshine,scenario2,
job687_scenario1_1483,1483,20,9,0,0,west,asphalt,sedan,morning,sunshine,scenario1,
job688_scenario2_1486,1486,20,10,0,0,south,asphalt,sedan,morning,sunshine,scenario2,
job689_scenario1_1492,1492,20,1,0,0,south,asphalt,sedan,morning,sunshine,scenario1,
job690_scenario3_1493,1493,20,1,0,0,north,asphalt,sedan,morning,sunshine,scenario3,
job691_scenario0_1501,1501,20,3,0,0,east,asphalt,sedan,morning,sunshine,scenario0,
job692_scenario4_1507,1507,20,5,0,0,south,asphalt,sedan,morning,sunshine,scenario4,
job693_scenario3_1515,1515,20,3,0,0,west,asphalt,sedan,morning,sunshine,scenario3,
job694_scenario2_1517,1517,20,7,0,0,west,asphalt,sedan,morning,sunshine,scenario2,
job695_scenario1_1522,1522,20,2,0,0,west,asphalt,sedan,morning,sunshine,scenario1,
job696_scenario0_1528,1528,20,4,0,0,north,asphalt,sedan,morning,sunshine,scenario0,
job697_scenario0_1530,1530,20,6,0,0,south,asphalt,sedan,morning,sunshine,scenario0,
job698_scenario3_1531,1531,20,10,0,0,west,asphalt,sedan,morning,sunshine,scenario3,
job699_scenario1_1533,1533,20,9,0,0,north,asphalt,sedan,morning,sunshine,scenario1,
job700_scenario2_1536,1536,20,6,0,0,south,asphalt,sedan,morning,sunshine,scenario2,
job701_scenario0_1545,1545,20,5,0,0,south,asphalt,sedan,morning,sunshine,scenario0,
job702_scenario0_1554,1554,20,7,0,0,east,asphalt,sedan,morning,sunshine,scenario0,
job703_scenario3_1560,1560,20,5,0,0,east,asphalt,sedan,morning,sunshine,scenario3,
job704_scenario0_1561,1561,20,6,0,0,east,asphalt,sedan,morning,sunshine,scenario0,
job705_scenario2_1564,1564,20,4,0,0,north,asphalt,sedan,morning,sunshine,scenario2,
job706_scenario0_1569,1569,20,1,0,0,south,asphalt,sedan,morning,sunshine,scenario0,
job707_scenario1_1578,1578,20,7,0,0,south,asphalt,sedan,morning,sunshine,scenario1,
job708_scenario1_1583,1583,20,6,0,0,south,asphalt,sedan,morning,sunshine,scenario1,
job709_scenario2_1584,1584,20,2,0,0,west,asphalt,sedan,morning,sunshine,scenario2,
job710_scenario2_1590,1590,20,4,0,0,south,asphalt,sedan,morning,sunshine,scenario2,
job711_scenario1_1595,1595,20,5,0,0,east,asphalt,sedan,morning,sunshine,scenario1,
job712_scenario1_1596,1596,20,9,0,0,south,asphalt,sedan,morning,sunshine,scenario1,
job713_scenario2_1602,1602,20,2,0,0,north,asphalt,sedan,morning,sunshine,scenario2,
job714_scenario0_1611,1611,20,8,0,0,south,asphalt,sedan,morning,sunshine,scenario0,
job715_scenario1_1616,1616,20,1,0,0,east,asphalt,sedan,morning,sunshine,scenario1,
job716_scenario0_1619,1619,20,3,0,0,west,asphalt,sedan,morning,sunshine,scenario0,
job717_scenario1_1620,1620,20,3,0,0,north,asphalt,sedan,morning,sunshine,scenario1,
job718_scenario3_1621,1621,20,2,0,0,west,asphalt,sedan,morning,sunshine,scenario3,
job719_scenario1_1631,1631,20,6,0,0,north,asphalt,sedan,morning,sunshine,scenario1,
job720_scenario1_1638,1638,20,7,0,0,south,asphalt,sedan,morning,sunshine,scenario1,
job721_scenario0_1640,1640,20,9,0,0,north,asphalt,sedan,morning,sunshine,scenario0,
job722_scenario1_1643,1643,20,5,0,0,south,asphalt,sedan,morning,sunshine,scenario1,
job723_scenario3_1646,1646,20,4,0,0,west,asphalt,sedan,morning,sunshine,scenario3,
job724_scenario1_1647,1647,20,4,0,0,north,asphalt,sedan,morning,sunshine,scenario1,
job725_scenario1_1650,1650,20,3,0,0,west,asphalt,sedan,morning,sunshine,scenario1,
job726_scenario0_1651,1651,20,2,0,0,north,asphalt,sedan,morning,sunshine,scenario0,
job727_scenario0_1653,1653,20,6,0,0,east,asphalt,sedan,morning,sunshine,scenario0,
job728_scenario3_1658,1658,20,2,0,0,west,asphalt,sedan,morning,sunshine,scenario3,
job729_scenario3_1659,1659,20,4,0,0,north,asphalt,sedan,morning,sunshine,scenario3,
job730_scenario1_1662,1662,20,8,0,0,east,asphalt,sedan,morning,sunshine,scenario1,
job731_scenario1_1665,1665,20,4,0,0,east,asphalt,sedan,morning,sunshine,scenario1,
job732_scenario1_1675,1675,20,3,0,0,north,asphalt,sedan,morning,sunshine,scenario1,
job733_scenario1_1677,1677,20,9,0,0,east,asphalt,sedan,morning,sunshine,scenario1,
job734_scenario1_1681,1681,20,6,0,0,north,asphalt,sedan,morning,sunshine,scenario1,
job735_scenario2_1682,1682,20,8,0,0,east,asphalt,sedan,morning,sunshine,scenario2,
job736_scenario1_1689,1689,20,9,0,0,south,asphalt,sedan,morning,sunshine,scenario1,
job737_scenario2_1695,1695,20,10,0,0,west,asphalt,sedan,morning,sunshine,scenario2,
job738_scenario1_1699,1699,20,9,0,0,south,asphalt,sedan,morning,sunshine,scenario1,
job739_scenario1_1701,1701,20,4,0,0,south,asphalt,sedan,morning,sunshine,scenario1,
job740_scenario3_1702,1702,20,3,0,0,north,asphalt,sedan,morning,sunshine,scenario3,
job741_scenario3_1705,1705,20,2,0,0,east,asphalt,sedan,morning,sunshine,scenario3,
job742_scenario0_1706,1706,20,6,0,0,south,asphalt,sedan,morning,sunshine,scenario0,
job743_scenario4_1710,1710,20,1,0,0,west,asphalt,sedan,morning,sunshine,scenario4,
job744_scenario0_1711,1711,20,5,0,0,north,asphalt,sedan,morning,sunshine,scenario0,
job745_scenario1_1712,1712,20,6,0,0,north,asphalt,sedan,morning,sunshine,scenario1,
job746_scenario0_1713,1713,20,6,0,0,east,asphalt,sedan,morning,sunshine,scenario0,
job747_scenario0_1714,1714,20,8,0,0,south,asphalt,sedan,morning,sunshine,scenario0,
job748_scenario3_1715,1715,20,9,0,0,west,asphalt,sedan,morning,sunshine,scenario3,
job749_scenario1_1719,1719,20,8,0,0,south,asphalt,sedan,morning,sunshine,scenario1,
job750_scenario1_1721,1721,20,3,0,0,north,asphalt,sedan,morning,sunshine,scenario1,
job751_scenario0_1722,1722,20,7,0,0,east,asphalt,sedan,morning,sunshine,scenario0,
job752_scenario1_1725,1725,20,8,0,0,north,asphalt,sedan,morning,sunshine,scenario1,
job753_scenario1_1728,1728,20,7,0,0,east,asphalt,sedan,morning,sunshine,scenario1,
job754_scenario1_1737,1737,20,8,0,0,east,asphalt,sedan,morning,sunshine,scenario1,
job755_scenario2_1745,1745,20,8,0,0,west,asphalt,sedan,morning,sunshine,scenario2,
job756_scenario3_1747,1747,20,6,0,0,south,asphalt,sedan,morning,sunshine,scenario3,
job757_scenario0_1749,1749,20,9,0,0,north,asphalt,sedan,morning,sunshine,scenario0,
job758_scenario2_1750,1750,20,8,0,0,west,asphalt,sedan,morning,sunshine,scenario2,
job759_scenario4_1755,1755,20,2,0,0,south,asphalt,sedan,morning,sunshine,scenario4,
job760_scenario4_1756,1756,20,4,0,0,north,asphalt,sedan,morning,sunshine,scenario4,
job761_scenario0_1758,1758,20,2,0,0,north,asphalt,sedan,morning,sunshine,scenario0,
job762_scenario1_1759,1759,20,1,0,0,west,asphalt,sedan,morning,sunshine,scenario1,
job763_scenario1_1763,1763,20,9,0,0,north,asphalt,sedan,morning,sunshine,scenario1,
job764_scenario0_1764,1764,20,7,0,0,north,asphalt,sedan,morning,sunshine,scenario0,
job765_scenario0_1765,1765,20,3,0,0,north,asphalt,sedan,morning,sunshine,scenario0,
job766_scenario0_1768,1768,20,7,0,0,west,asphalt,sedan,morning,sunshine,scenario0,
job767_scenario1_1773,1773,20,10,0,0,north,asphalt,sedan,morning,sunshine,scenario1,
job768_scenario2_1774,1774,20,8,0,0,east,asphalt,sedan,morning,sunshine,scenario2,
job769_scenario1_1777,1777,20,4,0,0,south,asphalt,sedan,morning,sunshine,scenario1,
job770_scenario0_1778,1778,20,6,0,0,south,asphalt,sedan,morning,sunshine,scenario0,
job771_scenario3_1780,1780,20,5,0,0,south,asphalt,sedan,morning,sunshine,scenario3,
job772_scenario0_1781,1781,20,3,0,0,south,asphalt,sedan,morning,sunshine,scenario0,
job773_scenario3_1785,1785,20,6,0,0,north,asphalt,sedan,morning,sunshine,scenario3,
job774_scenario1_1786,1786,20,3,0,0,south,asphalt,sedan,morning,sunshine,scenario1,
job775_scenario1_1788,1788,20,2,0,0,east,asphalt,sedan,morning,sunshine,scenario1,
job776_scenario4_1791,1791,20,7,0,0,east,asphalt,sedan,morning,sunshine,scenario4,
job777_scenario1_1797,1797,20,4,0,0,west,asphalt,sedan,morning,sunshine,scenario1,
job778_scenario3_1800,1800,20,8,0,0,west,asphalt,sedan,morning,sunshine,scenario3,
job779_scenario0_1801,1801,20,8,0,0,west,asphalt,sedan,morning,sunshine,scenario0,
job780_scenario0_1804,1804,20,10,0,0,south,asphalt,sedan,morning,sunshine,scenario0,
job781_scenario1_1812,1812,20,7,0,0,south,asphalt,sedan,morning,sunshine,scenario1,
job782_scenario0_1821,1821,20,1,0,0,south,asphalt,sedan,morning,sunshine,scenario0,
job783_scenario3_1825,1825,20,1,0,0,east,asphalt,sedan,morning,sunshine,scenario3,
job784_scenario0_1828,1828,20,5,0,0,south,asphalt,sedan,morning,sunshine,scenario0,
job785_scenario1_1834,1834,20,3,0,0,east,asphalt,sedan,morning,sunshine,scenario1,
job786_scenario1_1838,1838,20,3,0,0,east,asphalt,sedan,morning,sunshine,scenario1,
job787_scenario2_1841,1841,20,8,0,0,south,asphalt,sedan,morning,sunshine,scenario2,
job788_scenario2_1842,1842,20,3,0,0,north,asphalt,sedan,morning,sunshine,scenario2,
job789_scenario3_1843,1843,20,6,0,0,east,asphalt,sedan,morning,sunshine,scenario3,
job790_scenario4_1844,1844,20,9,0,0,north,asphalt,sedan,morning,sunshine,scenario4,
job791_scenario3_1845,1845,20,10,0,0,west,asphalt,sedan,morning,sunshine,scenario3,
job792_scenario0_1846,1846,20,1,0,0,west,asphalt,sedan,morning,sunshine,scenario0,
job793_scenario0_1847,1847,20,4,0,0,south,asphalt,sedan,morning,sunshine,scenario0,
job794_scenario1_1849,1849,20,3,0,0,south,asphalt,sedan,morning,sunshine,scenario1,
job795_scenario3_1850,1850,20,3,0,0,west,asphalt,sedan,morning,sunshine,scenario3,
job796_scenario0_1851,1851,20,4,0,0,north,asphalt,sedan,morning,sunshine,scenario0,
job797_scenario0_1852,1852,20,1,0,0,east,asphalt,sedan,morning,sunshine,scenario0,
job798_scenario1_1853,1853,20,3,0,0,south,asphalt,sedan,morning,sunshine,scenario1,
job799_scenario1_1855,1855,20,3,0,0,west,asphalt,sedan,morning,sunshine,scenario1,
job800_scenario3_1858,1858,20,3,0,0,west,asphalt,sedan,morning,sunshine,scenario3,
job801_scenario1_1864,1864,20,4,0,0,west,asphalt,sedan,morning,sunshine,scenario1,
job802_scenario1_1865,1865,20,7,0,0,east,asphalt,sedan,morning,sunshine,scenario1,
job803_scenario1_1883,1883,20,8,0,0,west,asphalt,sedan,morning,sunshine,scenario1,
job804_scenario2_1885,1885,20,9,0,0,south,asphalt,sedan,morning,sunshine,scenario2,
job805_scenario0_1887,1887,20,10,0,0,north,asphalt,sedan,morning,sunshine,scenario0,
job806_scenario2_1890,1890,20,1,0,0,north,asphalt,sedan,morning,sunshine,scenario2,
job807_scenario1_1891,1891,20,6,0,0,east,asphalt,sedan,morning,sunshine,scenario1,
job808_scenario1_1895,1895,20,2,0,0,west,asphalt,sedan,morning,sunshine,scenario1,
job809_scenario0_1897,1897,20,8,0,0,west,asphalt,sedan,morning,sunshine,scenario0,
job810_scenario0_1899,1899,20,5,0,0,west,asphalt,sedan,morning,sunshine,scenario0,
job811_scenario0_1902,1902,20,4,0,0,south,asphalt,sedan,morning,sunshine,scenario0,
job812_scenario1_1904,1904,20,5,0,0,north,asphalt,sedan,morning,sunshine,scenario1,
job813_scenario1_1908,1908,20,2,0,0,west,asphalt,sedan,morning,sunshine,scenario1,
job814_scenario4_1909,1909,20,9,0,0,north,asphalt,sedan,morning,sunshine,scenario4,
job815_scenario2_1910,1910,20,10,0,0,north,asphalt,sedan,morning,sunshine,scenario2,
job816_scenario2_1917,1917,20,8,0,0,east,asphalt,sedan,morning,sunshine,scenario2,
job817_scenario1_1919,1919,20,5,0,0,south,asphalt,sedan,morning,sunshine,scenario1,
job818_scenario0_1920,1920,20,6,0,0,south,asphalt,sedan,morning,sunshine,scenario0,
job819_scenario0_1921,1921,20,7,0,0,east,asphalt,sedan,morning,sunshine,scenario0,
job820_scenario3_1923,1923,20,9,0,0,west,asphalt,sedan,morning,sunshine,scenario3,
job821_scenario2_1925,1925,20,4,0,0,north,asphalt,sedan,morning,sunshine,scenario2,
job822_scenario0_1926,1926,20,1,0,0,south,asphalt,sedan,morning,sunshine,scenario0,
job823_scenario0_1928,1928,20,5,0,0,south,asphalt,sedan,morning,sunshine,scenario0,
job824_scenario3_1929,1929,20,4,0,0,south,asphalt,sedan,morning,sunshine,scenario3,
job825_scenario0_1931,1931,20,2,0,0,east,asphalt,sedan,morning,sunshine,scenario0,
job826_scenario3_1939,1939,20,3,0,0,west,asphalt,sedan,morning,sunshine,scenario3,
job827_scenario4_1940,1940,20,10,0,0,south,asphalt,sedan,morning,sunshine,scenario4,
job828_scenario1_1949,1949,20,6,0,0,south,asphalt,sedan,morning,sunshine,scenario1,
job829_scenario4_1951,1951,20,8,0,0,south,asphalt,sedan,morning,sunshine,scenario4,
job830_scenario1_1952,1952,20,10,0,0,north,asphalt,sedan,morning,sunshine,scenario1,
job831_scenario0_1957,1957,20,1,0,0,north,asphalt,sedan,morning,sunshine,scenario0,
job832_scenario1_1958,1958,20,9,0,0,north,asphalt,sedan,morning,sunshine,scenario1,
job833_scenario1_1959,1959,20,9,0,0,north,asphalt,sedan,morning,sunshine,scenario1,
job834_scenario1_1962,1962,20,5,0,0,east,asphalt,sedan,morning,sunshine,scenario1,
job835_scenario4_1965,1965,20,6,0,0,east,asphalt,sedan,morning,sunshine,scenario4,
job836_scenario1_1969,1969,20,1,0,0,east,asphalt,sedan,morning,sunshine,scenario1,
job837_scenario0_1971,1971,20,10,0,0,east,asphalt,sedan,morning,sunshine,scenario0,
job838_scenario1_1972,1972,20,2,0,0,north,asphalt,sedan,morning,sunshine,scenario1,
job839_scenario0_1976,1976,20,4,0,0,south,asphalt,sedan,morning,sunshine,scenario0,
job840_scenario0_1979,1979,20,3,0,0,east,asphalt,sedan,morning,sunshine,scenario0,
job841_scenario3_1980,1980,20,6,0,0,south,asphalt,sedan,morning,sunshine,scenario3,
job842_scenario0_1985,1985,20,8,0,0,north,asphalt,sedan,morning,sunshine,scenario0,
job843_scenario2_1987,1987,20,10,0,0,north,asphalt,sedan,morning,sunshine,scenario2,
job844_scenario2_1993,1993,20,10,0,0,west,asphalt,sedan,morning,sunshine,scenario2,
job845_scenario1_1999,1999,20,5,0,0,south,asphalt,sedan,morning,sunshine,scenario1,
job846_scenario3_2000,2000,20,5,0,0,north,asphalt,sedan,morning,sunshine,scenario3,
job847_scenario3_2001,2001,20,2,0,0,east,asphalt,sedan,morning,sunshine,scenario3,
job848_scenario1_2002,2002,20,9,0,0,south,asphalt,sedan,morning,sunshine,scenario1,
job849_scenario3_2003,2003,20,5,0,0,east,asphalt,sedan,morning,sunshine,scenario3,
job850_scenario1_2004,2004,20,4,0,0,south,asphalt,sedan,morning,sunshine,scenario1,
job851_scenario1_2005,2005,20,1,0,0,west,asphalt,sedan,morning,sunshine,scenario1,
job852_scenario1_2006,2006,20,1,0,0,north,asphalt,sedan,morning,sunshine,scenario1,
job853_scenario2_2013,2013,20,6,0,0,west,asphalt,sedan,morning,sunshine,scenario2,
job854_scenario0_2017,2017,20,1,0,0,north,asphalt,sedan,morning,sunshine,scenario0,
job855_scenario4_2024,2024,20,1,0,0,south,asphalt,sedan,morning,sunshine,scenario4,
job856_scenario4_2028,2028,20,1,0,0,east,asphalt,sedan,morning,sunshine,scenario4,
job857_scenario0_2029,2029,20,6,0,0,west,asphalt,sedan,morning,sunshine,scenario0,
job858_scenario3_2031,2031,20,1,0,0,east,asphalt,sedan,morning,sunshine,scenario3,
job859_scenario3_2037,2037,20,9,0,0,north,asphalt,sedan,morning,sunshine,scenario3,
job860_scenario0_2038,2038,20,1,0,0,west,asphalt,sedan,morning,sunshine,scenario0,
job861_scenario1_2044,2044,20,7,0,0,south,asphalt,sedan,morning,sunshine,scenario1,
job862_scenario0_2045,2045,20,8,0,0,west,asphalt,sedan,morning,sunshine,scenario0,
job863_scenario1_2046,2046,20,8,0,0,north,asphalt,sedan,morning,sunshine,scenario1,
job864_scenario0_2048,2048,20,5,0,0,north,asphalt,sedan,morning,sunshine,scenario0,
job865_scenario0_2051,2051,20,6,0,0,west,asphalt,sedan,morning,sunshine,scenario0,
job866_scenario1_2053,2053,20,1,0,0,east,asphalt,sedan,morning,sunshine,scenario1,
job867_scenario1_2054,2054,20,7,0,0,west,asphalt,sedan,morning,sunshine,scenario1,
job868_scenario4_2056,2056,20,7,0,0,east,asphalt,sedan,morning,sunshine,scenario4,
job869_scenario2_2057,2057,20,7,0,0,south,asphalt,sedan,morning,sunshine,scenario2,
job870_scenario0_2060,2060,20,2,0,0,south,asphalt,sedan,morning,sunshine,scenario0,
job871_scenario0_2061,2061,20,5,0,0,west,asphalt,sedan,morning,sunshine,scenario0,
job872_scenario3_2064,2064,20,3,0,0,south,asphalt,sedan,morning,sunshine,scenario3,
job873_scenario1_2066,2066,20,8,0,0,north,asphalt,sedan,morning,sunshine,scenario1,
job874_scenario1_2069,2069,20,3,0,0,west,asphalt,sedan,morning,sunshine,scenario1,
job875_scenario2_2071,2071,20,2,0,0,east,asphalt,sedan,morning,sunshine,scenario2,
job876_scenario2_2077,2077,20,8,0,0,north,asphalt,sedan,morning,sunshine,scenario2,
job877_scenario1_2084,2084,20,2,0,0,east,asphalt,sedan,morning,sunshine,scenario1,
job878_scenario2_2085,2085,20,10,0,0,west,asphalt,sedan,morning,sunshine,scenario2,
job879_scenario0_2088,2088,20,6,0,0,north,asphalt,sedan,morning,sunshine,scenario0,
job880_scenario1_2089,2089,20,1,0,0,west,asphalt,sedan,morning,sunshine,scenario1,
job881_scenario0_2094,2094,20,1,0,0,south,asphalt,sedan,morning,sunshine,scenario0,
job882_scenario2_2099,2099,20,1,0,0,east,asphalt,sedan,morning,sunshine,scenario2,
job883_scenario0_2100,2100,20,8,0,0,west,asphalt,sedan,morning,sunshine,scenario0,
job884_scenario4_2104,2104,20,1,0,0,west,asphalt,sedan,morning,sunshine,scenario4,
job885_scenario0_2108,2108,20,8,0,0,south,asphalt,sedan,morning,sunshine,scenario0,
job886_scenario3_2120,2120,20,2,0,0,west,asphalt,sedan,morning,sunshine,scenario3,
job887_scenario1_2121,2121,20,4,0,0,east,asphalt,sedan,morning,sunshine,scenario1,
job888_scenario1_2122,2122,20,9,0,0,east,asphalt,sedan,morning,sunshine,scenario1,
job889_scenario0_2124,2124,20,6,0,0,south,asphalt,sedan,morning,sunshine,scenario0,
job890_scenario3_2125,2125,20,9,0,0,east,asphalt,sedan,morning,sunshine,scenario3,
job891_scenario1_2126,2126,20,3,0,0,east,asphalt,sedan,morning,sunshine,scenario1,
job892_scenario2_2128,2128,20,10,0,0,west,asphalt,sedan,morning,sunshine,scenario2,
job893_scenario2_2131,2131,20,8,0,0,east,asphalt,sedan,morning,sunshine,scenario2,
job894_scenario1_2132,2132,20,10,0,0,south,asphalt,sedan,morning,sunshine,scenario1,
job895_scenario4_2133,2133,20,9,0,0,west,asphalt,sedan,morning,sunshine,scenario4,
job896_scenario0_2137,2137,20,2,0,0,north,asphalt,sedan,morning,sunshine,scenario0,
job897_scenario0_2144,2144,20,3,0,0,west,asphalt,sedan,morning,sunshine,scenario0,
job898_scenario0_2147,2147,20,2,0,0,north,asphalt,sedan,morning,sunshine,scenario0,
job899_scenario3_2148,2148,20,2,0,0,east,asphalt,sedan,morning,sunshine,scenario3,
job900_scenario3_2149,2149,20,1,0,0,north,asphalt,sedan,morning,sunshine,scenario3,
job901_scenario2_2153,2153,20,5,0,0,south,asphalt,sedan,morning,sunshine,scenario2,
job902_scenario2_2155,2155,20,1,0,0,west,asphalt,sedan,morning,sunshine,scenario2,
job903_scenario3_2163,2163,20,1,0,0,west,asphalt,sedan,morning,sunshine,scenario3,
job904_scenario0_2168,2168,20,2,0,0,south,asphalt,sedan,morning,sunshine,scenario0,
job905_scenario3_2172,2172,20,3,0,0,west,asphalt,sedan,morning,sunshine,scenario3,
job906_scenario4_2183,2183,20,3,0,0,north,asphalt,sedan,morning,sunshine,scenario4,
job907_scenario0_2184,2184,20,7,0,0,south,asphalt,sedan,morning,sunshine,scenario0,
job908_scenario2_2186,2186,20,1,0,0,east,asphalt,sedan,morning,sunshine,scenario2,
job909_scenario0_2187,2187,20,3,0,0,east,asphalt,sedan,morning,sunshine,scenario0,
job910_scenario2_2191,2191,20,9,0,0,south,asphalt,sedan,morning,sunshine,scenario2,
job911_scenario1_2196,2196,20,3,0,0,south,asphalt,sedan,morning,sunshine,scenario1,
job912_scenario4_2199,2199,20,5,0,0,west,asphalt,sedan,morning,sunshine,scenario4,
job913_scenario2_2208,2208,20,5,0,0,south,asphalt,sedan,morning,sunshine,scenario2,
job914_scenario1_2213,2213,20,9,0,0,north,asphalt,sedan,morning,sunshine,scenario1,
job915_scenario2_2215,2215,20,2,0,0,west,asphalt,sedan,morning,sunshine,scenario2,
job916_scenario0_2216,2216,20,7,0,0,south,asphalt,sedan,morning,sunshine,scenario0,
job917_scenario0_2217,2217,20,2,0,0,north,asphalt,sedan,morning,sunshine,scenario0,
job918_scenario4_2226,2226,20,7,0,0,north,asphalt,sedan,morning,sunshine,scenario4,
job919_scenario2_2227,2227,20,8,0,0,north,asphalt,sedan,morning,sunshine,scenario2,
job920_scenario0_2228,2228,20,3,0,0,north,asphalt,sedan,morning,sunshine,scenario0,
job921_scenario2_2229,2229,20,1,0,0,east,asphalt,sedan,morning,sunshine,scenario2,
job922_scenario0_2242,2242,20,3,0,0,west,asphalt,sedan,morning,sunshine,scenario0,
job923_scenario4_2246,2246,20,9,0,0,west,asphalt,sedan,morning,sunshine,scenario4,
job924_scenario1_2248,2248,20,10,0,0,south,asphalt,sedan,morning,sunshine,scenario1,
job925_scenario0_2250,2250,20,3,0,0,east,asphalt,sedan,morning,sunshine,scenario0,
job926_scenario2_2252,2252,20,5,0,0,north,asphalt,sedan,morning,sunshine,scenario2,
job927_scenario2_2253,2253,20,1,0,0,east,asphalt,sedan,morning,sunshine,scenario2,
job928_scenario1_2269,2269,20,6,0,0,west,asphalt,sedan,morning,sunshine,scenario1,
job929_scenario2_2277,2277,20,9,0,0,north,asphalt,sedan,morning,sunshine,scenario2,
job930_scenario1_2278,2278,20,1,0,0,west,asphalt,sedan,morning,sunshine,scenario1,
job931_scenario1_2281,2281,20,7,0,0,north,asphalt,sedan,morning,sunshine,scenario1,
job932_scenario4_2292,2292,20,1,0,0,south,asphalt,sedan,morning,sunshine,scenario4,
job933_scenario0_2296,2296,20,1,0,0,west,asphalt,sedan,morning,sunshine,scenario0,
job934_scenario1_2297,2297,20,3,0,0,west,asphalt,sedan,morning,sunshine,scenario1,
job935_scenario0_2298,2298,20,6,0,0,east,asphalt,sedan,morning,sunshine,scenario0,
job936_scenario0_2305,2305,20,10,0,0,south,asphalt,sedan,morning,sunshine,scenario0,
job937_scenario0_2308,2308,20,1,0,0,south,asphalt,sedan,morning,sunshine,scenario0,
job938_scenario1_2309,2309,20,9,0,0,south,asphalt,sedan,morning,sunshine,scenario1,
job939_scenario0_2317,2317,20,5,0,0,south,asphalt,sedan,morning,sunshine,scenario0,
job940_scenario2_2318,2318,20,6,0,0,east,asphalt,sedan,morning,sunshine,scenario2,
job941_scenario0_2325,2325,20,6,0,0,east,asphalt,sedan,morning,sunshine,scenario0,
job942_scenario0_2330,2330,20,8,0,0,south,asphalt,sedan,morning,sunshine,scenario0,
job943_scenario0_2334,2334,20,10,0,0,north,asphalt,sedan,morning,sunshine,scenario0,
job944_scenario1_2336,2336,20,1,0,0,west,asphalt,sedan,morning,sunshine,scenario1,
job945_scenario0_2342,2342,20,6,0,0,east,asphalt,sedan,morning,sunshine,scenario0,
job946_scenario4_2348,2348,20,9,0,0,west,asphalt,sedan,morning,sunshine,scenario4,
job947_scenario4_2356,2356,20,5,0,0,north,asphalt,sedan,morning,sunshine,scenario4,
job948_scenario0_2368,2368,20,8,0,0,north,asphalt,sedan,morning,sunshine,scenario0,
job949_scenario1_2371,2371,20,4,0,0,west,asphalt,sedan,morning,sunshine,scenario1,
job950_scenario0_2380,2380,20,10,0,0,north,asphalt,sedan,morning,sunshine,scenario0,
job951_scenario0_2395,2395,20,10,0,0,south,asphalt,sedan,morning,sunshine,scenario0,
job952_scenario0_2396,2396,20,9,0,0,west,asphalt,sedan,morning,sunshine,scenario0,
job953_scenario1_2397,2397,20,9,0,0,east,asphalt,sedan,morning,sunshine,scenario1,
job954_scenario0_2404,2404,20,8,0,0,east,asphalt,sedan,morning,sunshine,scenario0,
job955_scenario2_2408,2408,20,8,0,0,south,asphalt,sedan,morning,sunshine,scenario2,
job956_scenario3_2410,2410,20,1,0,0,east,asphalt,sedan,morning,sunshine,scenario3,
job957_scenario1_2420,2420,20,5,0,0,east,asphalt,sedan,morning,sunshine,scenario1,
job958_scenario3_2421,2421,20,4,0,0,north,asphalt,sedan,morning,sunshine,scenario3,
job959_scenario1_2424,2424,20,6,0,0,west,asphalt,sedan,morning,sunshine,scenario1,
job960_scenario0_2425,2425,20,9,0,0,north,asphalt,sedan,morning,sunshine,scenario0,
job961_scenario3_2429,2429,20,1,0,0,south,asphalt,sedan,morning,sunshine,scenario3,
job962_scenario0_2431,2431,20,8,0,0,south,asphalt,sedan,morning,sunshine,scenario0,
job963_scenario2_2439,2439,20,8,0,0,south,asphalt,sedan,morning,sunshine,scenario2,
job964_scenario3_2444,2444,20,1,0,0,north,asphalt,sedan,morning,sunshine,scenario3,
job965_scenario3_2454,2454,20,5,0,0,west,asphalt,sedan,morning,sunshine,scenario3,
job966_scenario3_2461,2461,20,3,0,0,west,asphalt,sedan,morning,sunshine,scenario3,
job967_scenario2_2466,2466,20,7,0,0,east,asphalt,sedan,morning,sunshine,scenario2,
job968_scenario1_2469,2469,20,3,0,0,south,asphalt,sedan,morning,sunshine,scenario1,
job969_scenario1_2470,2470,20,4,0,0,south,asphalt,sedan,morning,sunshine,scenario1,
job970_scenario1_2479,2479,20,3,0,0,north,asphalt,sedan,morning,sunshine,scenario1,
job971_scenario0_2484,2484,20,9,0,0,east,asphalt,sedan,morning,sunshine,scenario0,
job972_scenario0_2486,2486,20,10,0,0,south,asphalt,sedan,morning,sunshine,scenario0,
job973_scenario0_2492,2492,20,2,0,0,west,asphalt,sedan,morning,sunshine,scenario0,
job974_scenario2_2494,2494,20,7,0,0,east,asphalt,sedan,morning,sunshine,scenario2,
job975_scenario2_2495,2495,20,1,0,0,east,asphalt,sedan,morning,sunshine,scenario2,
job976_scenario2_2497,2497,20,4,0,0,west,asphalt,sedan,morning,sunshine,scenario2,
job977_scenario0_2498,2498,20,9,0,0,east,asphalt,sedan,morning,sunshine,scenario0,
job978_scenario2_2506,2506,20,8,0,0,west,asphalt,sedan,morning,sunshine,scenario2,
job979_scenario2_2515,2515,20,2,0,0,east,asphalt,sedan,morning,sunshine,scenario2,
job980_scenario4_2516,2516,20,2,0,0,east,asphalt,sedan,morning,sunshine,scenario4,
job981_scenario0_2518,2518,20,4,0,0,south,asphalt,sedan,morning,sunshine,scenario0,
job982_scenario0_2521,2521,20,10,0,0,north,asphalt,sedan,morning,sunshine,scenario0,
job983_scenario0_2522,2522,20,7,0,0,south,asphalt,sedan,morning,sunshine,scenario0,
job984_scenario1_2523,2523,20,4,0,0,east,asphalt,sedan,morning,sunshine,scenario1,
job985_scenario0_2527,2527,20,4,0,0,east,asphalt,sedan,morning,sunshine,scenario0,
job986_scenario1_2529,2529,20,2,0,0,south,asphalt,sedan,morning,sunshine,scenario1,
job987_scenario2_2540,2540,20,9,0,0,north,asphalt,sedan,morning,sunshine,scenario2,
job988_scenario0_2547,2547,20,7,0,0,west,asphalt,sedan,morning,sunshine,scenario0,
job989_scenario1_2551,2551,20,10,0,0,west,asphalt,sedan,morning,sunshine,scenario1,
job990_scenario0_2560,2560,20,9,0,0,east,asphalt,sedan,morning,sunshine,scenario0,
job991_scenario0_2565,2565,20,10,0,0,east,asphalt,sedan,morning,sunshine,scenario0,
job992_scenario0_2574,2574,20,7,0,0,south,asphalt,sedan,morning,sunshine,scenario0,
job993_scenario0_2576,2576,20,5,0,0,west,asphalt,sedan,morning,sunshine,scenario0,
job994_scenario1_2581,2581,20,5,0,0,south,asphalt,sedan,morning,sunshine,scenario1,
job995_scenario2_2582,2582,20,8,0,0,east,asphalt,sedan,morning,sunshine,scenario2,
job996_scenario3_2583,2583,20,10,0,0,south,asphalt,sedan,morning,sunshine,scenario3,
job997_scenario3_2586,2586,20,3,0,0,west,asphalt,sedan,morning,sunshine,scenario3,
job998_scenario0_2590,2590,20,7,0,0,south,asphalt,sedan,morning,sunshine,scenario0,
job999_scenario2_2608,2608,20,2,0,0,north,asphalt,sedan,morning,sunshine,scenario2,
job1000_scenario3_2612,2612,20,10,0,0,west,asphalt,sedan,morning,sunshine,scenario3,
job1001_scenario1_2614,2614,20,8,0,0,east,asphalt,sedan,morning,sunshine,scenario1,
job1002_scenario3_2622,2622,20,7,0,0,west,asphalt,sedan,morning,sunshine,scenario3,
job1003_scenario2_2634,2634,20,10,0,0,north,asphalt,sedan,morning,sunshine,scenario2,
job1004_scenario4_2635,2635,20,4,0,0,west,asphalt,sedan,morning,sunshine,scenario4,
job1005_scenario1_2639,2639,20,2,0,0,north,asphalt,sedan,morning,sunshine,scenario1,
job1006_scenario3_2640,2640,20,10,0,0,east,asphalt,sedan,morning,sunshine,scenario3,
job1007_scenario0_2642,2642,20,5,0,0,east,asphalt,sedan,morning,sunshine,scenario0,
job1008_scenario2_2643,2643,20,9,0,0,south,asphalt,sedan,morning,sunshine,scenario2,
job1009_scenario4_2650,2650,20,2,0,0,east,asphalt,sedan,morning,sunshine,scenario4,
job1010_scenario1_2653,2653,20,6,0,0,south,asphalt,sedan,morning,sunshine,scenario1,
job1011_scenario1_2657,2657,20,6,0,0,north,asphalt,sedan,morning,sunshine,scenario1,
job1012_scenario1_2664,2664,20,5,0,0,west,asphalt,sedan,morning,sunshine,scenario1,
job1013_scenario3_2667,2667,20,5,0,0,south,asphalt,sedan,morning,sunshine,scenario3,
job1014_scenario0_2672,2672,20,10,0,0,south,asphalt,sedan,morning,sunshine,scenario0,
job1015_scenario2_2673,2673,20,6,0,0,west,asphalt,sedan,morning,sunshine,scenario2,
job1016_scenario0_2676,2676,20,8,0,0,north,asphalt,sedan,morning,sunshine,scenario0,
job1017_scenario0_2687,2687,20,2,0,0,east,asphalt,sedan,morning,sunshine,scenario0,
job1018_scenario0_2694,2694,20,7,0,0,west,asphalt,sedan,morning,sunshine,scenario0,
job1019_scenario1_2699,2699,20,10,0,0,north,asphalt,sedan,morning,sunshine,scenario1,
job1020_scenario4_2703,2703,20,5,0,0,west,asphalt,sedan,morning,sunshine,scenario4,
job1021_scenario0_2710,2710,20,2,0,0,west,asphalt,sedan,morning,sunshine,scenario0,
job1022_scenario4_2714,2714,20,7,0,0,south,asphalt,sedan,morning,sunshine,scenario4,
job1023_scenario0_2715,2715,20,3,0,0,west,asphalt,sedan,morning,sunshine,scenario0,
job1024_scenario2_2717,2717,20,8,0,0,north,asphalt,sedan,morning,sunshine,scenario2,
job1025_scenario1_2724,2724,20,9,0,0,north,asphalt,sedan,morning,sunshine,scenario1,
job1026_scenario0_2742,2742,20,7,0,0,south,asphalt,sedan,morning,sunshine,scenario0,
job1027_scenario1_2744,2744,20,10,0,0,north,asphalt,sedan,morning,sunshine,scenario1,
job1028_scenario0_2747,2747,20,8,0,0,north,asphalt,sedan,morning,sunshine,scenario0,
job1029_scenario2_2749,2749,20,1,0,0,north,asphalt,sedan,morning,sunshine,scenario2,
job1030_scenario2_2751,2751,20,8,0,0,north,asphalt,sedan,morning,sunshine,scenario2,
job1031_scenario1_2757,2757,20,8,0,0,south,asphalt,sedan,morning,sunshine,scenario1,
job1032_scenario1_2759,2759,20,7,0,0,east,asphalt,sedan,morning,sunshine,scenario1,
job1033_scenario0_2761,2761,20,8,0,0,west,asphalt,sedan,morning,sunshine,scenario0,
job1034_scenario1_2773,2773,20,10,0,0,east,asphalt,sedan,morning,sunshine,scenario1,
job1035_scenario2_2775,2775,20,10,0,0,west,asphalt,sedan,morning,sunshine,scenario2,
job1036_scenario0_2776,2776,20,5,0,0,east,asphalt,sedan,morning,sunshine,scenario0,
job1037_scenario0_2780,2780,20,1,0,0,east,asphalt,sedan,morning,sunshine,scenario0,
job1038_scenario3_2784,2784,20,2,0,0,east,asphalt,sedan,morning,sunshine,scenario3,
job1039_scenario0_2785,2785,20,5,0,0,east,asphalt,sedan,morning,sunshine,scenario0,
job1040_scenario2_2786,2786,20,3,0,0,north,asphalt,sedan,morning,sunshine,scenario2,
job1041_scenario4_2796,2796,20,1,0,0,east,asphalt,sedan,morning,sunshine,scenario4,
job1042_scenario1_2797,2797,20,5,0,0,north,asphalt,sedan,morning,sunshine,scenario1,
job1043_scenario1_2804,2804,20,9,0,0,north,asphalt,sedan,morning,sunshine,scenario1,
job1044_scenario2_2808,2808,20,8,0,0,north,asphalt,sedan,morning,sunshine,scenario2,
job1045_scenario0_2810,2810,20,4,0,0,south,asphalt,sedan,morning,sunshine,scenario0,
job1046_scenario4_2823,2823,20,9,0,0,south,asphalt,sedan,morning,sunshine,scenario4,
job1047_scenario2_2824,2824,20,5,0,0,south,asphalt,sedan,morning,sunshine,scenario2,
job1048_scenario2_2833,2833,20,7,0,0,west,asphalt,sedan,morning,sunshine,scenario2,
job1049_scenario3_2837,2837,20,9,0,0,west,asphalt,sedan,morning,sunshine,scenario3,
job1050_scenario1_2839,2839,20,6,0,0,west,asphalt,sedan,morning,sunshine,scenario1,
job1051_scenario1_2843,2843,20,4,0,0,west,asphalt,sedan,morning,sunshine,scenario1,
job1052_scenario1_2850,2850,20,2,0,0,north,asphalt,sedan,morning,sunshine,scenario1,
job1053_scenario2_2855,2855,20,2,0,0,south,asphalt,sedan,morning,sunshine,scenario2,
job1054_scenario2_2856,2856,20,6,0,0,north,asphalt,sedan,morning,sunshine,scenario2,
job1055_scenario1_2864,2864,20,5,0,0,east,asphalt,sedan,morning,sunshine,scenario1,
job1056_scenario2_2868,2868,20,3,0,0,south,asphalt,sedan,morning,sunshine,scenario2,
job1057_scenario4_2877,2877,20,7,0,0,north,asphalt,sedan,morning,sunshine,scenario4,
job1058_scenario0_2878,2878,20,9,0,0,east,asphalt,sedan,morning,sunshine,scenario0,
job1059_scenario2_2888,2888,20,5,0,0,east,asphalt,sedan,morning,sunshine,scenario2,
job1060_scenario2_2897,2897,20,8,0,0,north,asphalt,sedan,morning,sunshine,scenario2,
job1061_scenario1_2919,2919,20,3,0,0,north,asphalt,sedan,morning,sunshine,scenario1,
job1062_scenario2_2921,2921,20,6,0,0,north,asphalt,sedan,morning,sunshine,scenario2,
job1063_scenario0_2935,2935,20,5,0,0,east,asphalt,sedan,morning,sunshine,scenario0,
job1064_scenario2_2938,2938,20,1,0,0,north,asphalt,sedan,morning,sunshine,scenario2,
job1065_scenario4_2942,2942,20,6,0,0,south,asphalt,sedan,morning,sunshine,scenario4,
job1066_scenario0_2955,2955,20,1,0,0,east,asphalt,sedan,morning,sunshine,scenario0,
job1067_scenario0_2958,2958,20,3,0,0,north,asphalt,sedan,morning,sunshine,scenario0,
job1068_scenario1_2960,2960,20,6,0,0,south,asphalt,sedan,morning,sunshine,scenario1,
job1069_scenario2_2965,2965,20,1,0,0,west,asphalt,sedan,morning,sunshine,scenario2,
job1070_scenario3_2968,2968,20,8,0,0,south,asphalt,sedan,morning,sunshine,scenario3,
job1071_scenario3_2977,2977,20,2,0,0,east,asphalt,sedan,morning,sunshine,scenario3,
job1072_scenario0_2982,2982,20,6,0,0,north,asphalt,sedan,morning,sunshine,scenario0,
job1073_scenario2_2983,2983,20,9,0,0,south,asphalt,sedan,morning,sunshine,scenario2,
job1074_scenario0_2989,2989,20,9,0,0,north,asphalt,sedan,morning,sunshine,scenario0,
job1075_scenario2_2995,2995,20,8,0,0,north,asphalt,sedan,morning,sunshine,scenario2,
job1076_scenario2_3000,3000,20,10,0,0,east,asphalt,sedan,morning,sunshine,scenario2,
job1077_scenario2_3007,3007,20,8,0,0,north,asphalt,sedan,morning,sunshine,scenario2,
job1078_scenario1_3023,3023,20,10,0,0,west,asphalt,sedan,morning,sunshine,scenario1,
job1079_scenario1_3031,3031,20,6,0,0,south,asphalt,sedan,morning,sunshine,scenario1,
job1080_scenario0_3032,3032,20,6,0,0,west,asphalt,sedan,morning,sunshine,scenario0,
job1081_scenario4_3034,3034,20,5,0,0,east,asphalt,sedan,morning,sunshine,scenario4,
job1082_scenario3_3049,3049,20,2,0,0,west,asphalt,sedan,morning,sunshine,scenario3,
job1083_scenario2_3075,3075,20,9,0,0,east,asphalt,sedan,morning,sunshine,scenario2,
job1084_scenario3_3086,3086,20,8,0,0,west,asphalt,sedan,morning,sunshine,scenario3,
job1085_scenario4_3088,3088,20,1,0,0,east,asphalt,sedan,morning,sunshine,scenario4,
job1086_scenario2_3105,3105,20,1,0,0,north,asphalt,sedan,morning,sunshine,scenario2,
job1087_scenario4_3106,3106,20,4,0,0,west,asphalt,sedan,morning,sunshine,scenario4,
job1088_scenario3_3109,3109,20,2,0,0,east,asphalt,sedan,morning,sunshine,scenario3,
job1089_scenario2_3121,3121,20,1,0,0,south,asphalt,sedan,morning,sunshine,scenario2,
job1090_scenario0_3125,3125,20,2,0,0,north,asphalt,sedan,morning,sunshine,scenario0,
job1091_scenario3_3127,3127,20,3,0,0,north,asphalt,sedan,morning,sunshine,scenario3,
job1092_scenario1_3130,3130,20,5,0,0,south,asphalt,sedan,morning,sunshine,scenario1,
job1093_scenario3_3132,3132,20,4,0,0,north,asphalt,sedan,morning,sunshine,scenario3,
job1094_scenario1_3135,3135,20,8,0,0,south,asphalt,sedan,morning,sunshine,scenario1,
job1095_scenario4_3140,3140,20,7,0,0,south,asphalt,sedan,morning,sunshine,scenario4,
job1096_scenario1_3165,3165,20,4,0,0,north,asphalt,sedan,morning,sunshine,scenario1,
job1097_scenario2_3167,3167,20,2,0,0,south,asphalt,sedan,morning,sunshine,scenario2,
job1098_scenario1_3173,3173,20,6,0,0,east,asphalt,sedan,morning,sunshine,scenario1,
job1099_scenario0_3179,3179,20,7,0,0,east,asphalt,sedan,morning,sunshine,scenario0,
job1100_scenario2_3183,3183,20,3,0,0,south,asphalt,sedan,morning,sunshine,scenario2,
job1101_scenario0_3198,3198,20,4,0,0,east,asphalt,sedan,morning,sunshine,scenario0,
job1102_scenario1_3200,3200,20,8,0,0,north,asphalt,sedan,morning,sunshine,scenario1,
job1103_scenario0_3206,3206,20,1,0,0,south,asphalt,sedan,morning,sunshine,scenario0,
job1104_scenario0_3210,3210,20,6,0,0,east,asphalt,sedan,morning,sunshine,scenario0,
job1105_scenario3_3213,3213,20,7,0,0,west,asphalt,sedan,morning,sunshine,scenario3,
job1106_scenario4_3215,3215,20,8,0,0,west,asphalt,sedan,morning,sunshine,scenario4,
job1107_scenario0_3224,3224,20,2,0,0,west,asphalt,sedan,morning,sunshine,scenario0,
job1108_scenario1_3228,3228,20,2,0,0,north,asphalt,sedan,morning,sunshine,scenario1,
job1109_scenario2_3245,3245,20,2,0,0,south,asphalt,sedan,morning,sunshine,scenario2,
job1110_scenario1_3248,3248,20,6,0,0,north,asphalt,sedan,morning,sunshine,scenario1,
job1111_scenario0_3250,3250,20,6,0,0,east,asphalt,sedan,morning,sunshine,scenario0,
job1112_scenario1_3254,3254,20,8,0,0,east,asphalt,sedan,morning,sunshine,scenario1,
job1113_scenario2_3268,3268,20,5,0,0,south,asphalt,sedan,morning,sunshine,scenario2,
job1114_scenario3_3281,3281,20,8,0,0,north,asphalt,sedan,morning,sunshine,scenario3,
job1115_scenario2_3282,3282,20,3,0,0,north,asphalt,sedan,morning,sunshine,scenario2,
job1116_scenario1_3291,3291,20,5,0,0,north,asphalt,sedan,morning,sunshine,scenario1,
job1117_scenario1_3292,3292,20,5,0,0,south,asphalt,sedan,morning,sunshine,scenario1,
job1118_scenario3_3299,3299,20,1,0,0,south,asphalt,sedan,morning,sunshine,scenario3,
job1119_scenario3_3313,3313,20,4,0,0,south,asphalt,sedan,morning,sunshine,scenario3,
job1120_scenario4_3324,3324,20,8,0,0,east,asphalt,sedan,morning,sunshine,scenario4,
job1121_scenario0_3358,3358,20,8,0,0,south,asphalt,sedan,morning,sunshine,scenario0,
job1122_scenario2_3367,3367,20,6,0,0,south,asphalt,sedan,morning,sunshine,scenario2,
job1123_scenario0_3370,3370,20,1,0,0,north,asphalt,sedan,morning,sunshine,scenario0,
job1124_scenario0_3385,3385,20,10,0,0,east,asphalt,sedan,morning,sunshine,scenario0,
job1125_scenario3_3386,3386,20,2,0,0,east,asphalt,sedan,morning,sunshine,scenario3,
job1126_scenario2_3387,3387,20,3,0,0,west,asphalt,sedan,morning,sunshine,scenario2,
job1127_scenario1_3401,3401,20,10,0,0,south,asphalt,sedan,morning,sunshine,scenario1,
job1128_scenario2_3412,3412,20,3,0,0,west,asphalt,sedan,morning,sunshine,scenario2,
job1129_scenario3_3413,3413,20,10,0,0,east,asphalt,sedan,morning,sunshine,scenario3,
job1130_scenario0_3417,3417,20,6,0,0,east,asphalt,sedan,morning,sunshine,scenario0,
job1131_scenario0_3420,3420,20,1,0,0,west,asphalt,sedan,morning,sunshine,scenario0,
job1132_scenario4_3428,3428,20,3,0,0,west,asphalt,sedan,morning,sunshine,scenario4,
job1133_scenario2_3450,3450,20,8,0,0,west,asphalt,sedan,morning,sunshine,scenario2,
job1134_scenario3_3480,3480,20,3,0,0,south,asphalt,sedan,morning,sunshine,scenario3,
job1135_scenario1_3482,3482,20,7,0,0,north,asphalt,sedan,morning,sunshine,scenario1,
job1136_scenario3_3484,3484,20,8,0,0,east,asphalt,sedan,morning,sunshine,scenario3,
job1137_scenario0_3490,3490,20,10,0,0,south,asphalt,sedan,morning,sunshine,scenario0,
job1138_scenario2_3498,3498,20,7,0,0,north,asphalt,sedan,morning,sunshine,scenario2,
job1139_scenario2_3499,3499,20,1,0,0,south,asphalt,sedan,morning,sunshine,scenario2,
job1140_scenario4_3500,3500,20,4,0,0,north,asphalt,sedan,morning,sunshine,scenario4,
job1141_scenario1_3505,3505,20,8,0,0,west,asphalt,sedan,morning,sunshine,scenario1,
job1142_scenario0_3508,3508,20,2,0,0,east,asphalt,sedan,morning,sunshine,scenario0,
job1143_scenario0_3511,3511,20,8,0,0,east,asphalt,sedan,morning,sunshine,scenario0,
job1144_scenario4_3520,3520,20,5,0,0,south,asphalt,sedan,morning,sunshine,scenario4,
job1145_scenario0_3525,3525,20,7,0,0,south,asphalt,sedan,morning,sunshine,scenario0,
job1146_scenario1_3528,3528,20,9,0,0,east,asphalt,sedan,morning,sunshine,scenario1,
job1147_scenario4_3534,3534,20,9,0,0,south,asphalt,sedan,morning,sunshine,scenario4,
job1148_scenario3_3541,3541,20,2,0,0,south,asphalt,sedan,morning,sunshine,scenario3,
job1149_scenario4_3545,3545,20,7,0,0,west,asphalt,sedan,morning,sunshine,scenario4,
job1150_scenario0_3548,3548,20,1,0,0,west,asphalt,sedan,morning,sunshine,scenario0,
job1151_scenario1_3549,3549,20,6,0,0,north,asphalt,sedan,morning,sunshine,scenario1,
job1152_scenario2_3551,3551,20,1,0,0,east,asphalt,sedan,morning,sunshine,scenario2,
job1153_scenario0_3560,3560,20,7,0,0,north,asphalt,sedan,morning,sunshine,scenario0,
job1154_scenario1_3570,3570,20,1,0,0,east,asphalt,sedan,morning,sunshine,scenario1,
job1155_scenario0_3572,3572,20,2,0,0,east,asphalt,sedan,morning,sunshine,scenario0,
job1156_scenario2_3577,3577,20,2,0,0,north,asphalt,sedan,morning,sunshine,scenario2,
job1157_scenario4_3580,3580,20,2,0,0,north,asphalt,sedan,morning,sunshine,scenario4,
job1158_scenario2_3585,3585,20,9,0,0,south,asphalt,sedan,morning,sunshine,scenario2,
job1159_scenario0_3588,3588,20,4,0,0,north,asphalt,sedan,morning,sunshine,scenario0,
job1160_scenario0_3598,3598,20,7,0,0,west,asphalt,sedan,morning,sunshine,scenario0,
